part_id,dayofweek
10,3
21,5
32,4
43,5
54,5
65,1
76,5
87,4
98,5
109,3
120,3
131,6
142,4
153,5
164,6
175,4
186,3
197,5
208,5
219,5
230,3
241,5
252,3
263,0
274,5
285,4
296,3
307,0
318,4
320,4
321,6
322,5
323,5
324,6
325,5
326,5
327,5
328,5
329,5
330,6
331,5
332,5
333,5
334,6
335,3
336,5
337,5
338,6
339,5
340,3
341,6
342,5
343,5
344,4
345,4
346,5
347,5
348,5
349,3
350,5
351,5
352,3
353,6
354,5
355,5
356,3
357,5
358,5
359,4
360,5
361,5
362,5
363,5
364,5
365,5
366,3
367,5
368,2
369,4
370,3
371,5
372,4
373,1
374,1
375,5
376,1
377,0
378,3
379,3
380,6
381,5
382,1
383,3
384,5
385,5
386,5
387,6
388,6
389,3
390,6
400,5
411,3
422,1
433,3
444,6
455,4
466,4
477,5
488,5
499,5
510,5
521,5
532,5
543,4
554,4
565,3
576,5
587,5
598,3
609,5
620,6
631,3
642,5
653,3
664,0
675,3
686,5
697,6
708,3
719,4
730,3
741,3
752,5
763,5
774,3
785,5
796,5
806,3
807,5
808,5
809,3
810,5
811,5
812,3
813,5
814,3
815,5
816,5
817,4
818,5
819,6
820,5
821,4
822,6
823,6
824,5
825,5
826,3
827,3
828,5
829,5
830,3
831,3
832,5
833,3
834,3
835,3
836,5
837,5
838,3
839,3
840,5
841,5
842,5
843,6
844,5
845,6
846,5
847,5
848,4
849,5
850,6
851,6
852,5
853,5
854,4
855,4
856,5
857,5
858,3
859,3
860,3
861,4
862,5
863,3
864,4
865,3
866,6
867,4
868,5
878,5
889,6
900,5
911,4
922,5
933,5
944,5
955,3
966,3
977,3
988,4
999,5
1010,5
1021,4
1032,5
1043,5
1054,5
1065,5
1076,5
1087,3
1098,3
1109,3
1120,5
1131,3
1142,5
1153,5
1164,5
1175,5
1186,3
1197,3
1208,1
1219,5
1230,3
1241,5
1252,5
1263,5
1274,6
1285,4
1296,6
1307,4
1318,3
1329,0
1340,3
1351,5
1362,4
1373,3
1384,6
1395,5
1406,5
1417,5
1425,5
1426,3
1427,5
1428,5
1429,3
1430,4
1431,5
1432,3
1433,4
1434,5
1435,5
1436,3
1437,6
1438,5
1439,5
1440,3
1441,3
1442,3
1443,3
1444,6
1445,5
1446,3
1447,5
1448,5
1449,5
1450,6
1451,5
1452,6
1453,4
1454,5
1455,5
1456,5
1457,5
1458,6
1459,3
1460,4
1461,0
1462,4
1463,3
1464,6
1465,6
1466,5
1467,6
1468,5
1469,1
1470,6
1471,5
1472,6
1473,4
1474,5
1484,3
1495,5
1506,5
1517,4
1528,5
1539,0
1550,3
1561,5
1572,4
1583,5
1594,5
1605,5
1616,6
1627,3
1638,3
1649,6
1660,5
1671,3
1682,5
1693,4
1704,3
1715,6
1726,5
1737,6
1748,5
1759,0
1770,5
1781,3
1792,5
1803,3
1814,3
1825,4
4671,4
4682,0
4693,2
4704,2
4715,4
4726,2
4737,1
4748,0
4759,2
4770,0
4781,0
4792,2
4803,2
4814,1
4825,2
4836,2
4847,0
4858,0
4869,2
4880,2
4891,2
4902,3
4913,1
4924,3
4935,0
4946,2
4957,2
4968,0
4976,3
4977,1
4978,1
4979,2
4980,3
4981,2
4982,2
4983,3
4984,2
4985,2
4986,0
4987,2
4988,2
4989,2
4990,0
4991,1
4992,0
4993,0
4994,2
4995,2
4996,0
4997,3
4998,2
4999,2
5000,1
5001,0
5002,1
5003,2
5004,2
5005,1
5006,2
5007,2
5008,0
5009,1
5010,2
5011,2
5012,0
5013,0
5014,3
5015,2
5016,1
5017,2
5018,1
5019,2
5020,2
5021,2
5022,1
5023,2
5024,2
5025,2
5026,3
5027,0
5028,0
5029,1
5030,1
5031,3
5032,0
5033,2
5034,0
5035,1
5036,1
5037,2
5038,0
5039,2
5040,2
5041,2
5042,2
5043,3
5044,2
5045,1
5046,2
5047,2
5057,2
5068,0
5079,2
5090,3
5101,2
5112,3
5123,2
5134,1
5145,1
5156,3
5167,0
5178,2
5189,3
5200,0
5211,3
5222,2
5233,2
5244,2
5255,3
5266,1
5277,0
5288,2
5299,2
5310,0
5321,0
5332,2
5336,0
5337,2
5338,0
5339,0
5340,1
5341,1
5342,2
5343,2
5344,2
5345,1
5346,1
5347,2
5348,2
5349,2
5350,1
5351,2
5352,2
5353,0
5354,2
5355,1
5356,4
5357,1
5358,1
5359,2
5360,1
5361,2
5362,0
5363,3
5364,2
5365,2
5366,2
5367,3
5368,2
5369,2
5370,3
5371,0
5372,2
5373,1
5374,2
5375,3
5376,2
5377,3
5378,3
5379,1
5380,2
5381,3
5382,3
5383,2
5384,2
5385,2
5386,1
5387,1
5388,1
5389,2
5390,1
5391,1
5392,1
5393,1
5394,1
5395,2
5396,1
5398,0
5399,2
5400,4
5401,2
5402,2
5403,3
5404,3
5405,3
5406,2
5407,0
5408,2
5409,1
5419,1
5430,2
5441,2
5452,1
5463,2
5474,1
5485,2
5496,0
5507,3
5518,2
5529,2
5540,0
5551,2
5562,2
5573,2
5584,2
5595,2
5606,2
5617,2
5628,0
5639,1
5650,2
5661,2
5672,2
5683,0
5694,1
5705,2
5716,0
5727,1
5738,1
5749,2
5760,3
5762,3
5763,1
5764,2
5765,0
5766,2
5767,2
5768,2
5769,2
5770,3
5771,0
5772,2
5773,2
5774,2
5775,2
5776,3
5777,0
5778,3
5779,3
5780,1
5781,1
5782,2
5783,4
5784,2
5785,2
5786,0
5787,2
5788,2
5789,2
5790,2
5791,1
5792,3
5793,3
5794,2
5795,2
5796,3
5797,1
5798,2
5799,2
5800,2
5801,2
5802,0
5803,0
5804,2
5805,1
5806,2
5807,1
5808,2
5809,2
5810,3
5811,3
5812,2
5813,1
5814,2
5815,1
5816,5
5817,2
5818,2
5819,3
5820,1
5821,0
5822,3
5823,3
5824,2
5825,2
5826,3
5827,2
5828,1
5829,3
5839,2
5850,0
5861,2
5872,0
5883,2
5894,2
5905,2
5916,0
5927,2
5938,1
5949,2
5960,0
5971,2
5982,2
5993,0
6004,1
6015,4
6026,0
6037,2
6048,3
6059,3
6070,2
6081,2
6092,2
6103,1
6114,1
6125,1
6136,2
6147,3
6158,1
6169,2
6171,4
6172,0
6173,3
6174,0
6175,2
6176,0
6177,2
6178,3
6179,1
6180,2
6181,3
6182,1
6183,0
6184,1
6185,2
6186,0
6187,2
6188,2
6189,2
6190,2
6191,2
6192,2
6193,2
7339,2
7340,3
7341,1
7342,1
7343,3
7344,1
7345,3
7346,2
7347,3
7348,1
7349,3
7350,1
7351,1
7352,1
7353,3
7354,3
7355,1
7356,3
7357,3
7358,1
7359,3
7360,1
7361,3
7362,3
7363,3
7364,1
7365,1
7366,3
7367,3
7368,3
7369,3
7370,1
7371,3
7372,3
7373,4
7374,1
7375,2
7376,1
7377,1
7378,3
7379,1
7380,1
7381,3
7382,1
7383,1
7384,3
7385,3
7386,3
7387,3
7388,1
7389,3
7390,3
7391,3
7392,1
7393,1
7394,3
7395,1
7396,1
7397,2
7398,1
7399,4
7400,2
7401,3
7402,3
7403,3
7404,1
7405,3
7406,1
7407,3
7408,3
7409,3
7410,1
7411,4
7412,3
7413,1
7414,3
7415,3
7416,4
7417,3
7418,3
7419,1
7420,3
7421,4
7422,3
7423,1
7424,3
7425,2
7426,1
7427,3
7428,3
7429,3
7430,2
7431,1
7432,1
7433,2
7434,3
7435,3
7436,3
7437,1
7438,4
7439,3
7440,1
7441,4
7442,3
7443,3
7444,4
7445,3
7446,1
7447,3
7448,2
7449,3
7450,3
7451,3
7452,4
7453,1
7454,3
7455,3
7456,3
7457,3
7458,3
7459,1
7460,2
7461,1
7462,1
7463,1
7464,3
7465,3
7466,4
7467,3
7468,3
7469,3
7470,3
7471,1
7472,1
7473,3
7474,3
7475,1
7476,3
7477,2
7478,3
7479,1
7480,4
7481,1
7482,4
7483,3
7484,3
7485,1
7486,2
7487,1
7488,3
7489,3
7490,1
7491,1
7492,2
7493,3
7494,3
7495,3
7496,4
7497,1
7498,1
7499,3
7500,1
7501,1
7502,3
7503,2
7504,3
7505,1
7506,1
7507,1
7508,3
7509,3
7510,3
7511,3
7512,3
7513,2
7514,1
7515,2
7516,3
7517,1
7518,3
7519,3
7520,3
7521,1
7522,1
7523,1
7524,2
7525,2
7526,1
7527,3
7528,3
7529,1
7530,3
7531,1
7532,3
7533,1
7534,2
7535,1
7536,1
7537,3
7538,4
7539,1
7540,3
7541,2
7542,4
7543,3
7544,1
7545,3
7546,1
7547,1
7548,3
7549,1
7550,3
7551,1
7552,2
7553,4
7554,1
7555,3
7556,1
7557,1
7558,3
7559,1
7560,1
7561,3
7562,3
7563,3
7564,1
7565,3
7566,3
7567,2
7568,3
7569,2
7570,3
7571,3
7572,3
7573,4
7574,3
7575,3
7576,1
7577,3
7578,1
7579,1
7580,1
7581,1
7582,1
7583,3
7584,3
7585,1
7586,3
7587,1
7588,3
7589,3
7590,3
7591,1
7592,1
7593,1
7594,1
7595,3
7596,3
7597,1
7598,1
7599,3
7600,2
7601,3
7602,3
7603,3
7604,1
7605,1
7606,3
7607,1
7608,3
7609,1
7610,3
7611,3
7612,3
7613,4
7614,5
7615,4
7616,2
7617,2
7618,0
7619,3
7620,4
7621,3
7622,4
7623,4
7624,2
7625,2
7626,4
7627,4
7628,0
7629,2
7630,2
7631,4
7632,2
7633,4
7634,2
7635,4
7636,4
7637,4
7638,4
7639,4
7640,4
7641,2
7642,4
7643,6
7644,0
7645,4
7646,2
7647,4
7648,4
7649,4
7650,2
7651,4
7652,5
7653,2
7654,2
7655,3
7656,2
7657,4
7658,5
7659,2
7660,4
7661,2
7662,4
7663,4
7664,4
7665,4
7666,4
7667,3
7668,6
7669,2
7670,4
7671,4
7672,2
7673,4
7674,4
7675,6
7676,4
7677,2
7678,1
7679,4
7680,5
7681,5
7682,3
7683,4
7684,6
7685,5
7686,5
7687,4
7688,0
7689,4
7690,5
7691,3
7692,4
7693,4
7694,3
7695,5
7696,4
7697,2
7698,4
7699,4
7700,4
7701,2
7702,2
7703,4
7704,4
7705,2
7706,5
7707,2
7708,2
7709,4
7710,4
7711,2
7712,2
7713,4
7714,5
7715,4
7716,2
7717,2
7718,4
7719,4
7720,2
7721,4
7722,4
7723,4
7724,2
7725,1
7726,4
7727,4
7728,2
7729,4
7730,4
7731,4
7732,4
7733,2
7734,5
7735,4
7736,6
7737,4
7738,2
7739,4
7740,4
7741,4
7742,4
7743,4
7744,2
7745,2
7746,4
7747,2
7748,4
7749,0
7750,4
7751,4
7752,4
7753,5
7754,4
7755,4
7756,4
7757,2
7758,2
7759,2
7760,6
7761,2
7762,1
7763,4
7764,4
7765,1
7766,2
7767,2
7768,0
7769,4
7770,2
7771,4
7772,2
7773,2
7774,4
7775,4
7776,4
7777,4
7778,4
7779,5
7780,2
7781,2
7782,4
7783,4
7784,2
7785,4
7786,4
7787,4
7788,4
7789,2
7790,4
7791,0
7792,4
7793,3
7794,4
7795,1
7796,4
7797,4
7798,5
7799,3
7800,1
7801,4
7802,4
7803,4
7804,2
7805,2
7806,4
7807,4
7808,4
7809,0
7810,4
7811,4
7812,4
7813,2
7814,4
7815,3
7816,2
7817,4
7818,4
7819,2
7820,4
7821,4
7822,1
7823,4
7824,3
7825,4
7826,1
7827,4
7828,0
7829,5
7830,4
7831,4
7832,2
7833,5
7834,3
7835,4
7836,2
7837,3
7838,4
7839,4
7840,5
7841,4
7842,1
7843,0
7844,4
7845,4
7846,3
7847,3
7848,2
7849,1
7850,2
7851,0
7852,1
7853,1
7854,2
7855,6
7856,2
7857,3
7858,6
7859,2
7860,3
7861,1
7862,1
7863,1
7864,3
7865,1
7866,1
7867,0
7868,0
7869,3
7870,1
7871,6
7872,1
7873,0
7874,6
7875,1
7876,0
7877,2
7878,5
7879,6
7880,6
7881,2
7882,0
7883,1
7884,1
7885,6
7886,3
7887,3
7888,0
7889,6
7890,3
7891,1
7892,1
7893,6
7894,1
7895,1
7896,1
7897,1
7898,2
7899,1
7900,3
7901,2
7902,1
7903,1
7904,2
7905,1
7906,3
7907,1
7908,2
7909,2
7910,2
7911,0
7912,0
7913,1
7914,4
7915,1
7916,6
7917,0
7918,2
7919,1
7920,6
7921,1
7922,2
7923,4
7924,3
7925,5
7926,1
7927,1
7928,6
7929,1
7930,3
7931,2
7932,3
7933,1
7934,2
7935,2
7936,1
7937,0
7938,5
7939,1
7940,6
7941,5
7942,6
7943,1
7944,6
7945,4
7946,3
7947,2
7948,6
7949,1
7950,6
7951,3
7952,2
7953,1
7954,1
7955,6
7956,6
7957,6
7958,1
7959,3
7960,6
7961,6
7962,1
7963,2
7964,0
7965,3
7966,1
7967,6
7968,6
7969,6
7970,4
7971,1
7972,6
7973,1
7974,2
7975,2
7976,1
7977,6
7978,1
7979,2
7980,0
7981,0
7982,0
7983,2
7984,6
7985,0
7986,3
7987,6
7988,6
7989,1
7990,1
7991,1
7992,6
7993,1
7994,1
7995,1
7996,2
7997,1
7998,0
7999,2
8000,6
8001,2
8002,2
8004,6
8005,1
8006,0
8007,1
8008,6
8009,3
8010,6
8011,1
8012,2
8013,2
8014,6
8015,2
8016,5
8017,6
8018,3
8019,6
8020,0
8021,1
8022,6
8023,1
8024,6
8025,1
8026,2
8027,1
8028,1
8029,6
8030,6
8031,0
8032,1
8033,0
8034,4
8035,6
8036,2
8037,4
8038,3
8039,1
8040,2
8041,1
8042,2
8043,2
8044,2
8045,1
8046,6
8047,1
8048,2
8049,6
8050,6
8051,1
8052,1
8053,1
8054,6
8055,2
8056,2
8057,3
8058,0
8059,6
8060,0
8061,6
8062,1
8063,1
8064,2
8065,1
8066,6
8067,1
8068,1
8069,1
8070,6
8071,6
8072,6
8073,2
8074,5
8075,5
8076,1
8077,1
8078,2
8079,0
8080,2
8081,1
8082,0
8083,3
8084,1
8085,1
8086,1
8087,1
8088,1
8089,5
8090,1
8091,6
8092,6
8093,1
8094,0
8095,3
8096,1
8097,1
8098,2
8099,2
8100,5
8101,1
8102,6
8103,0
8104,2
8105,1
8106,6
8107,0
8108,3
8109,6
8110,1
8111,3
8112,5
8113,6
8114,2
8115,0
8116,1
8117,0
8118,3
8119,2
8120,2
8121,1
8122,1
8123,1
8124,2
8125,6
8126,2
8127,3
8128,1
8129,6
8130,1
8131,1
8132,0
8133,1
8134,1
8135,6
8136,0
8137,6
8138,1
8139,6
8140,1
8141,2
8142,0
8143,2
8144,0
8145,1
8146,1
8147,1
8148,0
8149,1
8150,1
8151,0
8152,0
8153,1
8154,6
8155,0
8156,6
8157,6
8158,6
8159,1
8160,1
8161,2
8162,6
8163,0
8164,6
8165,0
8166,2
8167,3
8168,6
8169,3
8170,1
8171,0
8172,1
8173,4
8174,5
8175,1
8176,2
8177,0
8178,5
8179,1
8180,1
8181,6
8182,1
8183,4
8184,6
8185,1
8186,1
8187,6
8188,1
8189,1
8190,4
8191,2
8192,1
8193,4
8194,2
8195,3
8196,1
8197,3
8198,2
8199,6
8200,1
8201,2
8202,6
8203,1
8204,1
8205,2
8206,1
8207,2
8208,0
8209,0
8210,0
8211,2
8212,0
8213,2
8214,0
8215,0
8216,2
8217,0
8218,5
8219,2
8220,0
8221,2
8222,0
8223,0
8224,1
8225,2
8226,0
8227,2
8228,2
8229,2
8230,0
8231,0
8232,0
8233,2
8234,2
8235,1
8236,0
8237,0
8238,0
8239,2
8240,0
8241,0
8242,0
8243,1
8244,2
8245,2
8246,2
8247,0
8248,2
8249,2
8250,5
8251,2
8252,2
8253,2
8254,0
8255,2
8256,2
8257,1
8258,2
8259,0
8260,2
8261,0
8262,2
8263,2
8264,2
8265,2
8266,0
8267,2
8268,0
8269,0
8270,2
8271,0
8272,0
8273,2
8274,0
8275,2
8276,2
8277,0
8278,0
8279,2
8280,0
8281,2
8282,2
8283,0
8284,0
8285,0
8286,2
8287,2
8288,1
8289,0
8290,2
8291,2
8292,0
8293,2
8294,1
8295,5
8296,0
8297,1
8298,2
8299,2
8300,0
8301,0
8302,2
8303,0
8304,3
8305,1
8306,3
8307,2
8308,3
8309,0
8310,2
8311,2
8312,2
8313,2
8314,2
8315,2
8316,0
8317,3
8318,2
8319,2
8320,2
8321,0
8322,0
8323,0
8324,2
8325,2
8326,0
8327,6
8328,0
8329,2
8330,2
8331,1
8332,0
8333,2
8334,2
8335,0
8336,2
8337,1
8338,2
8339,6
8340,2
8341,2
8342,3
8343,2
8344,0
8345,0
8346,2
8347,3
8348,2
8349,0
8350,2
8351,2
8352,0
8353,2
8354,2
8355,2
8356,0
8357,1
8358,0
8359,0
8360,0
8361,0
8362,1
8363,3
8364,0
8365,0
8366,3
8367,3
8368,2
8369,2
8370,2
8371,0
8372,0
8373,0
8374,3
8375,2
8376,2
8377,0
8378,0
8379,0
8380,2
8381,0
8382,2
8383,2
8384,2
8385,0
8386,2
8387,1
8388,2
8389,4
8390,6
8391,0
8392,2
8393,5
8394,2
8395,0
8396,2
8397,3
8398,0
8399,0
8400,2
8401,2
8402,2
8403,2
8404,1
8405,1
8406,2
8407,3
8408,2
8409,5
8410,2
8411,2
8412,0
8413,0
8414,0
8415,5
8416,3
8417,3
8418,2
8419,2
8420,2
8421,2
8422,0
8423,0
8424,0
8425,2
8426,2
8427,2
8428,4
8429,2
8430,0
8431,0
8432,3
8433,3
8434,2
8435,2
8436,2
8437,4
8438,2
8439,2
8440,0
8441,0
8442,2
8443,2
8444,0
8445,0
8446,5
8447,0
8448,2
8449,2
8450,0
8451,1
8452,0
8453,2
8454,2
8455,2
8456,5
8457,0
8458,1
8459,2
8460,0
8461,2
8462,2
8463,2
8464,3
8465,2
8466,2
8467,2
8468,0
8469,0
8470,0
8471,2
8472,2
8473,0
8474,2
8475,3
8476,0
8477,1
8478,2
8479,0
8480,0
8481,2
8482,2
8483,3
8484,2
8485,2
8486,2
8487,2
8488,0
8489,2
8490,2
8491,2
8492,0
8493,1
8494,2
8495,2
8496,0
8497,2
8498,2
8499,2
8500,2
8501,0
8502,2
8503,2
8504,2
8505,2
8506,0
8507,2
8508,2
8509,0
8510,2
8511,0
8512,2
8513,0
8514,0
8515,2
8516,2
8517,0
8518,0
8519,3
8520,0
8521,2
8522,0
8523,2
8524,4
8525,2
8526,2
8527,2
8528,0
8529,5
8530,0
8531,0
8532,3
8533,2
8534,0
8535,2
8536,0
8537,0
8538,2
8539,2
8540,2
8541,0
8542,2
8543,0
8544,0
8545,0
8546,0
8547,6
8548,2
8549,0
8550,5
8551,2
8552,1
8553,0
8554,0
8555,2
8556,2
8557,0
8558,0
8559,1
8560,4
8561,2
8562,3
8563,1
8564,0
8565,2
8566,2
8567,1
8568,0
8569,2
8570,1
8571,2
8572,0
8573,2
8574,5
8575,5
8576,5
8577,2
8578,4
8579,4
8580,4
8581,4
8582,3
8583,2
8584,4
8585,4
8586,4
8587,2
8588,2
8589,4
8590,4
8591,2
8592,4
8593,2
8594,4
8595,4
8596,3
8597,4
8598,4
8599,4
8600,4
8601,4
8602,4
8603,4
8604,3
8605,4
8606,4
8607,4
8608,2
8609,2
8610,4
8611,2
8612,3
8613,4
8614,2
8615,4
8616,2
8617,4
8618,4
8619,4
8620,4
8621,5
8622,0
8623,4
8624,2
8625,4
8626,4
8627,4
8628,4
8629,2
8630,4
8631,2
8632,5
8633,4
8634,0
8635,3
8636,4
8637,4
8638,4
8639,2
8640,2
8641,4
8642,4
8643,4
8644,2
8645,2
8646,4
8647,2
8648,2
8649,0
8650,4
8651,4
8652,5
8653,2
8654,2
8655,2
8656,4
8657,2
8658,4
8659,2
8660,6
8661,2
8662,2
8663,4
8664,4
8665,2
8666,2
8667,4
8668,4
8669,2
8670,2
8671,3
8672,3
8673,2
8674,4
8675,2
8676,1
8677,4
8678,2
8679,2
8680,6
8681,4
8682,2
8683,2
8684,5
8685,2
8686,4
8687,3
8688,4
8689,4
8690,2
8691,2
8692,4
8693,2
8694,2
8695,4
8696,0
8697,4
8698,2
8699,4
8700,3
8701,4
8702,2
8703,4
8704,0
8705,3
8706,4
8707,3
8708,4
8709,2
8710,2
8711,2
8712,0
8713,4
8714,2
8715,5
8716,2
8717,2
8718,1
8719,5
8720,2
8721,3
8722,4
8723,4
8724,4
8725,4
8726,4
8727,4
8728,4
8729,2
8730,2
8731,4
8732,2
8733,4
8734,5
8735,5
8736,4
8737,4
8738,4
8739,4
8740,4
8741,5
8742,5
8743,6
8744,4
8745,2
8746,4
8747,2
8748,4
8749,5
8750,6
8751,4
8752,2
8753,1
8754,2
8755,2
8756,2
8757,4
8758,0
8759,4
8760,2
8761,4
8762,4
8763,5
8764,4
8765,2
8766,4
8767,4
8768,4
8769,4
8770,4
8771,0
8772,4
8773,2
8774,4
8775,4
8776,4
8777,4
8778,2
8779,4
8780,4
8781,4
8782,2
8783,2
8784,2
8785,4
8786,2
8787,6
8788,1
8789,4
8790,2
8791,3
8792,2
8793,4
8794,2
8795,4
8796,4
8797,4
8798,3
8799,2
8800,4
8801,4
8802,2
8803,4
8804,0
8805,4
8806,4
8807,2
8808,2
8809,2
8810,6
8811,2
8812,4
8813,6
8814,3
8815,3
8816,5
8817,4
8818,2
8819,3
8820,4
8821,6
8822,4
8823,2
8824,4
8825,2
8826,2
8827,4
8828,3
8829,2
8830,4
8831,2
8832,2
8833,2
8834,2
8835,2
8836,4
8837,2
8838,4
8839,4
8840,2
8841,4
8842,2
8843,3
8844,2
8845,5
8846,5
8847,5
8848,2
8849,2
8850,4
8851,2
8852,3
8853,2
8854,4
8855,4
8856,2
8857,1
8858,2
8859,0
8860,2
8861,4
8862,2
8863,6
8864,4
8865,1
8866,2
8867,3
8868,4
8869,5
8870,1
8871,3
8872,2
8873,3
8874,2
8875,4
8876,3
8877,3
8878,4
8879,2
8880,3
8881,2
8882,2
8883,2
8884,6
8885,4
8886,2
8887,5
8888,2
8889,4
8890,5
8891,2
8892,2
8893,3
8894,4
8895,0
8896,2
8897,2
8898,4
8899,4
8900,3
8901,4
8902,2
8903,2
8904,4
8905,3
8906,4
8907,6
8908,5
8909,1
8910,1
8911,1
8912,3
8913,3
8914,2
8915,1
8916,6
8917,1
8918,1
8919,2
8920,6
8921,1
8922,6
8923,1
8924,1
8925,1
8926,6
8927,6
8928,1
8929,1
8930,1
8931,2
8932,6
8933,1
8934,0
8935,3
8936,0
8937,1
8938,6
8939,5
8940,6
8941,1
8942,1
8943,1
8944,1
8945,0
8946,1
8947,0
8948,2
8949,1
8950,1
8951,1
8952,0
8953,2
8954,1
8955,1
8956,5
8957,2
8958,6
8959,6
8960,4
8961,6
8962,6
8963,6
8964,1
8965,5
8966,1
8967,1
8968,3
8969,6
8970,5
8971,6
8972,2
8973,1
8974,1
8975,1
8976,1
8977,1
8978,3
8979,1
8980,6
8981,1
8982,1
8983,1
8984,6
8985,2
8986,1
8987,1
8988,6
8989,1
8990,6
8991,6
8992,1
8993,6
8994,1
8995,1
8996,1
8997,1
8998,6
8999,1
9000,1
9001,3
9002,1
9003,2
9004,1
9005,6
9006,1
9007,2
9008,2
9009,0
9010,1
9011,1
9012,6
9013,1
9014,2
9015,1
9016,1
9017,1
9018,6
9019,1
9020,6
9021,6
9022,1
9023,1
9024,1
9025,0
9026,6
9027,6
9028,6
9029,2
9030,1
9031,6
9032,6
9033,0
9034,1
9035,0
9036,5
9037,3
9038,2
9039,1
9040,4
9041,1
9042,1
9043,1
9044,1
9045,2
9046,5
9047,6
9048,1
9049,1
9050,1
9051,1
9052,1
9053,1
9054,1
9055,1
9056,1
9057,1
9058,6
9059,1
9060,1
9061,6
9062,6
9063,1
9064,1
9065,1
9066,1
9067,6
9068,1
9069,6
9070,5
9071,6
9072,1
9073,6
9074,6
9075,6
9076,1
9077,1
9078,6
9079,2
9080,1
9081,6
9082,2
9083,6
9084,0
9085,6
9086,6
9087,5
9088,1
9089,5
9090,1
9091,2
9092,0
9093,0
9094,1
9095,6
9096,6
9097,6
9098,2
9099,6
9100,1
9101,1
9102,3
9103,1
9104,6
9105,6
9106,1
9107,2
9108,1
9109,1
9110,6
9111,6
9112,1
9113,6
9114,6
9115,6
9116,2
9117,1
9118,1
9119,1
9120,1
9121,6
9122,6
9123,4
9124,0
9125,1
9126,1
9127,6
9128,5
9129,6
9130,6
9131,1
9132,6
9133,1
9134,1
9135,2
9136,1
9137,2
9138,1
9139,6
9140,0
9141,0
9142,1
9143,1
9144,6
9145,5
9146,1
9147,1
9148,2
9149,6
9150,6
9151,6
9152,6
9153,1
9154,1
9155,3
9156,1
9157,1
9158,1
9159,6
9160,1
9161,6
9162,2
9163,6
9164,6
9165,6
9166,2
9167,1
9168,1
9169,2
9170,1
9171,6
9172,1
9173,6
9174,2
9175,1
9176,6
9177,1
9178,1
9179,6
9180,6
9181,0
9182,1
9183,1
9184,6
9185,1
9186,1
9187,6
9188,1
9189,1
9190,6
9191,0
9192,6
9193,1
9194,6
9195,6
9196,6
9197,6
9198,5
9199,1
9200,0
9201,6
9202,2
9203,1
9204,6
9205,1
9206,6
9207,1
9208,6
9209,2
9210,2
9211,0
9212,2
9213,2
9214,4
9215,2
9216,2
9217,2
9218,0
9219,0
9220,2
9221,0
9222,2
9223,2
9224,0
9225,3
9226,2
9227,1
9228,0
9229,0
9230,1
9231,2
9232,2
9233,2
9234,3
9235,2
9236,2
9237,0
9238,2
9239,0
9240,2
9241,0
9242,2
9243,2
9244,1
9245,0
9246,0
9247,2
9248,2
9249,2
9250,0
9251,0
9252,0
9253,2
9254,0
9255,1
9256,2
9257,2
9258,2
9259,2
9260,5
9261,0
9262,2
9263,2
9264,2
9265,4
9266,0
9267,0
9268,2
9269,2
9270,2
9271,2
9272,2
9273,2
9274,0
9275,0
9276,0
9277,3
9278,2
9279,2
9280,1
9281,0
9282,2
9283,0
9284,2
9285,6
9286,2
9287,0
9288,0
9289,2
9290,2
9291,0
9292,0
9293,3
9294,0
9295,1
9296,2
9297,0
9298,0
9299,2
9300,3
9301,4
9302,2
9303,2
9304,0
9305,2
9306,1
9307,2
9308,2
9309,2
9310,2
9311,3
9312,2
9313,1
9314,2
9315,0
9316,4
9317,4
9318,2
9319,0
9320,0
9321,0
9322,5
9323,6
9324,3
9325,4
9326,2
9327,0
9328,1
9329,0
9330,2
9331,1
9332,2
9333,2
9334,2
9335,2
9336,2
9337,3
9338,2
9339,0
9340,2
9341,1
9342,1
9343,2
9344,0
9345,1
9346,0
9347,2
9348,5
9349,2
9350,1
9351,2
9352,3
9353,0
9354,0
9355,2
9356,2
9357,0
9358,0
9359,2
9360,2
9361,0
9362,2
9363,0
9364,2
9365,3
9366,2
9367,0
9368,2
9369,0
9370,0
9371,2
9372,0
9373,0
9374,0
9375,0
9376,0
9377,0
9378,2
9379,2
9380,2
9381,0
9382,0
9383,5
9384,0
9385,0
9386,3
9387,0
9388,2
9389,2
9390,2
9391,0
9392,1
9393,2
9394,2
9395,0
9396,2
9397,0
9398,0
9399,0
9400,2
9401,2
9402,2
9403,2
9404,2
9405,2
9406,2
9407,2
9408,2
9409,0
9410,1
9411,2
9412,2
9413,2
9414,1
9415,2
9416,1
9417,0
9418,2
9419,2
9420,0
9421,0
9422,3
9423,0
9424,0
9425,0
9426,3
9427,2
9428,1
9429,0
9430,2
9431,0
9432,3
9433,0
9434,2
9435,5
9436,5
9437,1
9438,2
9439,0
9440,2
9441,6
9442,2
9443,5
9444,0
9445,0
9446,0
9447,2
9448,3
9449,5
9450,2
9451,0
9452,0
9453,0
9454,0
9455,2
9456,0
9457,2
9458,2
9459,0
9460,0
9461,2
9462,2
9463,0
9464,0
9465,2
9466,0
9467,3
9468,0
9469,0
9470,2
9471,5
9472,0
9473,0
9474,2
9475,2
9476,0
9477,0
9478,2
9479,2
9480,4
9481,0
9482,0
9483,2
9484,2
9485,1
9486,2
9487,0
9488,2
9489,3
9490,0
9491,2
9492,1
9493,4
9494,2
9495,2
9496,2
9497,0
9498,2
9499,2
9500,3
9501,2
9502,5
9503,0
9504,2
9505,0
9506,1
9507,1
9508,2
9509,2
9510,0
9511,0
9512,0
9513,3
9514,2
9515,1
9516,2
9517,2
9518,2
9519,2
9520,2
9521,3
9522,0
9523,1
9524,2
9525,2
9526,0
9527,4
9528,2
9529,0
9530,2
9531,2
9532,0
9533,0
9534,2
9535,6
9536,2
9537,0
9538,0
9539,0
9540,1
9541,2
9542,0
9543,2
9544,2
9545,1
9546,0
9547,0
9548,2
9549,0
9550,2
9551,2
9552,2
9553,4
9554,0
9555,1
9556,2
9557,1
9558,0
9559,6
9560,2
9561,0
9562,2
9563,2
9564,2
9565,2
9566,2
9567,2
9568,0
9569,2
9570,2
9571,0
9572,6
9573,0
9574,3
9575,0
9576,0
9577,2
9578,0
9579,0
9580,0
9581,2
9582,0
9583,2
9584,1
9585,3
9586,2
9587,2
9588,0
9589,0
9590,0
9591,5
9592,2
9593,0
9594,2
9595,0
9596,3
9597,2
9598,3
9599,0
9600,0
9601,0
9602,0
9603,2
9604,2
9605,2
9606,2
9607,0
9608,1
9609,0
9610,0
9611,2
9612,4
9613,0
9614,2
9615,1
9616,3
9617,2
9618,2
9619,0
9620,1
9621,0
9622,0
9623,2
9624,4
9625,0
9626,0
9627,1
9628,0
9629,3
9630,0
9631,2
9632,0
9633,0
9634,2
9635,0
9636,1
9637,2
9638,3
9639,2
9640,0
9641,2
9642,0
9643,2
9644,0
9645,1
9646,0
9647,3
9648,2
9649,3
9650,1
9651,0
9652,0
9653,0
9654,2
9655,2
9656,0
9657,2
9658,0
9659,0
9660,2
9661,2
9662,6
9663,2
9664,2
9665,0
9666,2
9667,0
9668,0
9669,1
9670,0
9671,0
9672,0
9673,0
9674,1
9675,2
1,3
2,4
3,1
4,3
5,3
6,1
7,3
8,3
9,4
11,3
12,1
13,3
14,3
15,3
16,3
17,3
18,5
19,1
20,3
22,3
23,2
24,0
25,3
26,3
27,1
28,3
29,2
30,1
31,3
33,3
34,2
35,3
36,3
37,4
38,1
39,3
40,3
41,5
42,1
44,1
45,1
46,3
47,3
48,3
49,1
50,1
51,3
52,3
53,3
55,4
56,3
57,3
58,3
59,1
60,1
61,3
62,3
63,3
64,1
66,1
67,1
68,3
69,3
70,1
71,3
72,3
73,3
74,2
75,3
77,4
78,3
79,1
80,1
81,1
82,4
83,3
84,5
85,3
86,3
88,1
89,4
90,1
91,3
92,4
93,3
94,3
95,3
96,3
97,1
99,4
100,1
101,3
102,3
103,3
104,3
105,3
106,1
107,3
108,1
110,3
111,1
112,1
113,3
114,3
115,1
116,1
117,2
118,4
119,3
121,3
122,1
123,3
124,3
125,1
126,1
127,3
128,3
129,3
130,3
132,1
133,0
134,3
135,3
136,4
137,4
138,1
139,2
140,3
141,3
143,3
144,3
145,3
146,1
147,4
148,2
149,3
150,3
151,2
152,2
154,3
155,3
156,1
157,3
158,3
159,3
160,3
161,3
162,3
163,3
165,3
166,3
167,3
168,3
169,1
170,3
171,3
172,1
173,5
174,0
176,0
177,3
178,3
179,3
180,3
181,4
182,3
183,3
184,3
185,1
187,2
188,3
189,3
190,4
191,4
192,1
193,6
194,1
195,3
196,3
198,1
199,3
200,6
201,3
202,3
203,3
204,1
205,1
206,4
207,5
209,3
210,3
211,3
212,3
213,3
214,3
215,4
216,3
217,1
218,1
220,3
221,1
222,5
223,3
224,1
225,3
226,5
227,3
228,3
229,1
231,5
232,3
233,4
234,3
235,1
236,1
237,3
238,3
239,1
240,3
242,2
243,4
244,3
245,3
246,5
247,3
248,1
249,3
250,3
251,3
253,1
254,2
255,2
256,1
257,3
258,3
259,3
260,1
261,3
262,3
264,3
265,3
266,1
267,3
268,3
269,4
270,3
271,3
272,4
273,3
275,3
276,3
277,3
278,4
279,3
280,3
281,1
282,3
283,3
284,3
286,3
287,2
288,3
289,3
290,2
291,1
292,3
293,3
294,4
295,3
297,3
298,3
299,3
300,3
301,3
302,1
303,3
304,2
305,3
306,3
308,1
309,3
310,3
311,3
312,3
313,1
314,2
315,3
316,1
317,5
319,3
391,5
392,5
393,3
394,6
395,3
396,3
397,3
398,5
399,4
401,6
402,3
403,4
404,3
405,0
406,5
407,3
408,5
409,5
410,5
412,5
413,5
414,5
415,5
416,3
417,0
418,5
419,6
420,5
421,1
423,5
424,5
425,5
426,5
427,5
428,5
429,5
430,3
431,4
432,5
434,6
435,5
436,5
437,5
438,3
439,5
440,5
441,3
442,0
443,5
445,3
446,5
447,3
448,3
449,5
450,3
451,5
452,5
453,4
454,5
456,6
457,0
458,5
459,3
460,5
461,3
462,6
463,3
464,3
465,3
467,4
468,5
469,0
470,5
471,6
472,5
473,5
474,5
475,5
476,3
478,5
479,3
480,6
481,5
482,5
483,5
484,5
485,3
486,5
487,4
489,5
490,3
491,5
492,3
493,5
494,3
495,5
496,5
497,5
498,5
500,5
501,5
502,4
503,4
504,3
505,3
506,4
507,5
508,5
509,5
511,4
512,5
513,5
514,5
515,5
516,6
517,5
518,5
519,6
520,5
522,5
523,5
524,3
525,4
526,5
527,5
528,5
529,3
530,6
531,3
533,5
534,5
535,3
536,3
537,0
538,3
539,5
540,5
541,6
542,6
544,6
545,3
546,6
547,4
548,5
549,5
550,5
551,6
552,6
553,5
555,4
556,5
557,5
558,3
559,3
560,4
561,4
562,3
563,3
564,6
566,3
567,5
568,5
569,6
570,6
571,3
572,6
573,5
574,3
575,3
577,5
578,5
579,5
580,4
581,5
582,5
583,5
584,1
585,5
586,3
588,5
589,3
590,6
591,4
592,5
593,5
594,5
595,4
596,5
597,5
599,5
600,6
601,5
602,6
603,3
604,4
605,5
606,5
607,5
608,5
610,5
611,5
612,5
613,3
614,5
615,5
616,6
617,6
618,5
619,5
621,5
622,5
623,3
624,6
625,4
626,6
627,5
628,5
629,3
630,3
632,5
633,4
634,3
635,4
636,4
637,6
638,3
639,3
640,3
641,5
643,5
644,4
645,6
646,4
647,5
648,5
649,5
650,4
651,3
652,5
654,4
655,3
656,5
657,5
658,5
659,3
660,3
661,0
662,5
663,5
665,6
666,6
667,5
668,3
669,4
670,5
671,4
672,3
673,5
674,5
676,5
677,5
678,6
679,3
680,5
681,3
682,5
683,4
684,0
685,5
687,3
688,3
689,3
690,5
691,3
692,3
693,5
694,4
695,5
696,4
698,3
699,4
700,5
701,4
702,5
703,3
704,5
705,5
706,4
707,3
709,6
710,4
711,4
712,6
713,6
714,3
715,5
716,3
717,4
718,5
720,3
721,4
722,3
723,5
724,6
725,3
726,5
727,5
728,5
729,5
731,4
732,3
733,5
734,6
735,3
736,4
737,3
738,5
739,6
740,5
742,3
743,5
744,5
745,3
746,5
747,5
748,5
749,3
750,5
751,6
753,5
754,4
755,3
756,3
757,5
758,3
759,3
760,3
761,4
762,5
764,3
765,5
766,3
767,5
768,5
769,5
770,4
771,0
772,4
773,5
775,5
776,4
777,3
778,6
779,4
780,0
781,5
782,3
783,5
784,3
786,5
787,4
788,6
789,5
790,3
791,5
792,5
793,5
794,4
795,5
797,3
798,3
799,5
800,5
801,3
802,5
803,5
804,5
805,3
869,3
870,6
871,6
872,6
873,1
874,2
875,6
876,2
877,1
879,1
880,1
881,6
882,1
883,6
884,4
885,1
886,6
887,1
888,2
890,1
891,6
892,3
893,1
894,1
895,1
896,2
897,6
898,3
899,6
901,0
902,1
903,2
904,1
905,1
906,6
907,6
908,1
909,1
910,1
912,1
913,1
914,0
915,1
916,1
917,1
918,1
919,1
920,0
921,1
923,6
924,6
925,2
926,3
927,0
928,1
929,6
930,6
931,3
932,1
934,1
935,1
936,0
937,1
938,6
939,1
940,4
941,1
942,1
943,0
945,6
946,1
947,2
948,3
949,1
950,6
951,6
952,6
953,1
954,2
956,1
957,6
958,1
959,1
960,1
961,2
962,1
963,6
964,1
965,1
967,1
968,6
969,1
970,1
971,1
972,6
973,1
974,1
975,6
976,2
978,1
979,1
980,6
981,1
982,1
983,1
984,1
985,4
986,1
987,1
989,1
990,1
991,6
992,1
993,6
994,1
995,1
996,6
997,6
998,1
1000,1
1001,1
1002,1
1003,1
1004,1
1005,0
1006,1
1007,1
1008,6
1009,1
1011,1
1012,6
1013,1
1014,1
1015,2
1016,6
1017,1
1018,1
1019,1
1020,1
1022,1
1023,3
1024,1
1025,1
1026,1
1027,1
1028,6
1029,1
1030,6
1031,1
1033,1
1034,1
1035,4
1036,6
1037,1
1038,5
1039,0
1040,1
1041,6
1042,2
1044,6
1045,1
1046,1
1047,1
1048,6
1049,1
1050,1
1051,1
1052,1
1053,1
1055,1
1056,1
1057,6
1058,1
1059,1
1060,5
1061,1
1062,1
1063,1
1064,1
1066,0
1067,1
1068,1
1069,0
1070,6
1071,1
1072,1
1073,6
1074,1
1075,6
1077,1
1078,6
1079,1
1080,1
1081,1
1082,2
1083,1
1084,1
1085,6
1086,6
1088,1
1089,6
1090,6
1091,1
1092,1
1093,6
1094,6
1095,1
1096,1
1097,1
1099,1
1100,1
1101,6
1102,1
1103,6
1104,1
1105,1
1106,2
1107,1
1108,1
1110,1
1111,1
1112,2
1113,4
1114,0
1115,6
1116,1
1117,1
1118,4
1119,1
1121,5
1122,1
1123,1
1124,0
1125,6
1126,2
1127,1
1128,0
1129,1
1130,2
1132,1
1133,1
1134,1
1135,6
1136,1
1137,1
1138,6
1139,1
1140,6
1141,6
1143,1
1144,1
1145,6
1146,1
1147,6
1148,2
1149,6
1150,6
1151,1
1152,1
1154,6
1155,6
1156,1
1157,1
1158,1
1159,6
1160,6
1161,6
1162,6
1163,6
1165,1
1166,2
1167,1
1168,1
1169,1
1170,0
1171,5
1172,1
1173,1
1174,1
1176,1
1177,6
1178,1
1179,1
1180,6
1181,1
1182,3
1183,1
1184,1
1185,1
1187,1
1188,6
1189,1
1190,6
1191,1
1192,1
1193,6
1194,6
1195,3
1196,6
1198,1
1199,1
1200,1
1201,1
1202,6
1203,3
1204,1
1205,6
1206,1
1207,6
1209,1
1210,1
1211,2
1212,6
1213,0
1214,1
1215,1
1216,6
1217,3
1218,1
1220,1
1221,6
1222,6
1223,6
1224,1
1225,6
1226,1
1227,1
1228,6
1229,6
1231,1
1232,6
1233,1
1234,1
1235,6
1236,1
1237,1
1238,2
1239,6
1240,6
1242,1
1243,6
1244,6
1245,1
1246,1
1247,1
1248,1
1249,0
1250,6
1251,6
1253,1
1254,2
1255,6
1256,6
1257,1
1258,4
1259,6
1260,6
1261,2
1262,6
1264,6
1265,0
1266,1
1267,5
1268,1
1269,6
1270,1
1271,1
1272,3
1273,1
1275,1
1276,6
1277,1
1278,0
1279,6
1280,6
1281,6
1282,1
1283,4
1284,6
1286,1
1287,1
1288,1
1289,6
1290,1
1291,1
1292,1
1293,1
1294,1
1295,1
1297,6
1298,1
1299,1
1300,6
1301,6
1302,1
1303,6
1304,6
1305,0
1306,6
1308,6
1309,6
1310,6
1311,1
1312,1
1313,1
1314,1
1315,1
1316,1
1317,5
1319,6
1320,1
1321,3
1322,1
1323,6
1324,0
1325,1
1326,1
1327,1
1328,1
1330,6
1331,1
1332,6
1333,1
1334,6
1335,6
1336,0
1337,1
1338,1
1339,1
1341,1
1342,6
1343,6
1344,1
1345,6
1346,6
1347,6
1348,6
1349,6
1350,2
1352,1
1353,6
1354,1
1355,1
1356,6
1357,1
1358,6
1359,2
1360,1
1361,6
1363,6
1364,0
1365,2
1366,1
1367,1
1368,1
1369,0
1370,6
1371,6
1372,6
1374,2
1375,1
1376,6
1377,1
1378,1
1379,5
1380,1
1381,1
1382,1
1383,1
1385,1
1386,0
1387,1
1388,3
1389,1
1390,2
1391,1
1392,1
1393,1
1394,1
1396,1
1397,1
1398,0
1399,6
1400,6
1401,6
1402,6
1403,1
1404,6
1405,6
1407,4
1408,6
1409,6
1410,1
1411,6
1412,6
1413,1
1414,1
1415,1
1416,6
1418,1
1419,6
1420,6
1421,6
1422,6
1423,6
1424,2
1475,2
1476,2
1477,0
1478,2
1479,2
1480,2
1481,1
1482,0
1483,2
1485,0
1486,0
1487,2
1488,2
1489,2
1490,3
1491,0
1492,2
1493,0
1494,2
1496,2
1497,0
1498,2
1499,2
1500,2
1501,6
1502,2
1503,0
1504,0
1505,2
1507,0
1508,1
1509,2
1510,0
1511,2
1512,0
1513,1
1514,2
1515,3
1516,2
1518,2
1519,0
1520,2
1521,2
1522,0
1523,2
1524,1
1525,2
1526,0
1527,2
1529,0
1530,2
1531,2
1532,2
1533,2
1534,4
1535,2
1536,2
1537,2
1538,2
1540,2
1541,2
1542,2
1543,0
1544,5
1545,0
1546,0
1547,0
1548,3
1549,1
1551,2
1552,2
1553,2
1554,2
1555,2
1556,2
1557,2
1558,0
1559,2
1560,2
1562,2
1563,2
1564,6
1565,2
1566,0
1567,2
1568,2
1569,3
1570,2
1571,3
1573,2
1574,2
1575,2
1576,2
1577,2
1578,2
1579,0
1580,2
1581,2
1582,2
1584,3
1585,0
1586,2
1587,0
1588,2
1589,4
1590,4
1591,2
1592,6
1593,0
1595,0
1596,2
1597,0
1598,6
1599,2
1600,2
1601,2
1602,2
1603,0
1604,0
1606,2
1607,2
1608,0
1609,0
1610,2
1611,5
1612,2
1613,2
1614,3
1615,2
1617,2
1618,2
1619,0
1620,2
1621,3
1622,1
1623,2
1624,3
1625,2
1626,0
1628,1
1629,0
1630,3
1631,3
1632,0
1633,2
1634,1
1635,0
1636,2
1637,0
1639,2
1640,0
1641,0
1642,2
1643,2
1644,0
1645,3
1646,2
1647,5
1648,2
1650,2
1651,1
1652,1
1653,2
1654,2
1655,5
1656,0
1657,2
1658,2
1659,0
1661,2
1662,2
1663,0
1664,2
1665,3
1666,1
1667,4
1668,2
1669,2
1670,1
1672,2
1673,0
1674,0
1675,2
1676,2
1677,2
1678,4
1679,2
1680,0
1681,3
1683,2
1684,2
1685,0
1686,2
1687,2
1688,2
1689,2
1690,1
1691,0
1692,2
1694,1
1695,2
1696,2
1697,2
1698,0
1699,3
1700,2
1701,0
1702,0
1703,0
1705,2
1706,2
1707,0
1708,2
1709,2
1710,0
1711,0
1712,2
1713,0
1714,0
1716,2
1717,2
1718,2
1719,3
1720,1
1721,0
1722,4
1723,2
1724,0
1725,2
1727,5
1728,1
1729,2
1730,3
1731,0
1732,5
1733,3
1734,0
1735,2
1736,3
1738,2
1739,2
1740,0
1741,0
1742,2
1743,0
1744,2
1745,2
1746,0
1747,0
1749,0
1750,2
1751,2
1752,2
1753,2
1754,2
1755,1
1756,2
1757,2
1758,1
1760,2
1761,0
1762,0
1763,2
1764,2
1765,5
1766,2
1767,0
1768,2
1769,4
1771,2
1772,2
1773,2
1774,0
1775,1
1776,2
1777,2
1778,1
1779,2
1780,2
1782,1
1783,2
1784,2
1785,4
1786,0
1787,0
1788,5
1789,2
1790,2
1791,1
1793,2
1794,2
1795,0
1796,4
1797,2
1798,2
1799,5
1800,1
1801,2
1802,2
1804,2
1805,2
1806,0
1807,0
1808,2
1809,0
1810,1
1811,2
1812,2
1813,2
1815,0
1816,3
1817,0
1818,1
1819,2
1820,2
1821,3
1822,2
1823,2
1824,2
1826,6
1827,2
1828,3
1829,4
1830,4
1831,2
1832,6
1833,2
1834,1
1835,2
1836,1
1837,0
1838,2
1839,0
1840,0
1841,2
1842,0
1843,2
1844,2
1845,0
1846,1
1847,1
1848,1
1849,2
1850,3
1851,2
1852,2
1853,0
1854,0
1855,2
1856,4
1857,2
1858,2
1859,0
1860,2
1861,3
1862,0
1863,2
1864,2
1865,0
1866,1
1867,0
1868,2
1869,2
1870,2
1871,4
1872,2
1873,2
1874,4
1875,2
1876,2
1877,6
1878,2
1879,2
1880,0
1881,2
1882,0
1883,2
1884,0
1885,0
1886,2
1887,2
1888,2
1889,0
1890,0
1891,1
1892,2
1893,2
1894,2
1895,2
1896,5
1897,2
1898,0
1899,0
1900,2
1901,0
1902,2
1903,0
1904,2
1905,0
1906,2
1907,4
1908,0
1909,2
1910,2
1911,2
1912,2
1913,1
1914,2
1915,0
1916,2
1917,1
1918,2
1919,3
1920,0
1921,2
1922,0
1923,4
1924,2
1925,1
1926,0
1927,6
1928,2
1929,2
1930,4
1931,2
1932,3
1933,2
1934,2
1935,0
1936,2
1937,2
1938,2
1939,0
1940,0
1941,1
1942,2
1943,0
1944,1
1945,2
1946,5
1947,0
1948,2
1949,2
1950,0
1951,3
1952,2
1953,2
1954,2
1955,0
1956,2
1957,2
1958,0
1959,2
1960,2
1961,2
1962,1
1963,2
1964,2
1965,2
1966,2
1967,1
1968,3
1969,3
1970,1
1971,6
1972,6
1973,3
1974,3
1975,3
1976,3
1977,6
1978,3
1979,3
1980,1
1981,4
1982,3
1983,3
1984,1
1985,2
1986,2
1987,1
1988,3
1989,3
1990,3
1991,3
1992,3
1993,3
1994,3
1995,3
1996,3
1997,3
1998,3
1999,3
2000,1
2001,3
2002,4
2003,3
2004,5
2005,3
2006,3
2007,0
2008,3
2009,3
2010,1
2011,3
2012,4
2013,3
2014,6
2015,3
2016,3
2017,1
2018,4
2019,3
2020,3
2021,5
2022,5
2023,0
2024,1
2025,3
2026,2
2027,3
2028,3
2029,1
2030,1
2031,1
2032,3
2033,3
2034,3
2035,1
2036,3
2037,3
2038,4
2039,1
2040,3
2041,4
2042,3
2043,4
2044,3
2045,2
2046,3
2047,3
2048,3
2049,4
2050,3
2051,6
2052,3
2053,5
2054,4
2055,3
2056,3
2057,3
2058,2
2059,3
2060,3
2061,3
2062,2
2063,1
2064,3
2065,3
2066,1
2067,1
2068,6
2069,2
2070,2
2071,4
2072,4
2073,1
2074,3
2075,1
2076,3
2077,0
2078,2
2079,1
2080,3
2081,3
2082,3
2083,2
2084,5
2085,4
2086,3
2087,1
2088,2
2089,3
2090,2
2091,2
2092,0
2093,1
2094,3
2095,3
2096,2
2097,3
2098,1
2099,6
2100,3
2101,3
2102,3
2103,5
2104,3
2105,1
2106,5
2107,3
2108,5
2109,3
2110,1
2111,4
2112,3
2113,4
2114,2
2115,6
2116,3
2117,4
2118,3
2119,5
2120,3
2121,1
2122,3
2123,1
2124,4
2125,3
2126,3
2127,3
2128,1
2129,3
2130,2
2131,3
2132,1
2133,0
2134,3
2135,4
2136,3
2137,5
2138,3
2139,4
2140,3
2141,3
2142,3
2143,3
2144,3
2145,1
2146,4
2147,3
2148,4
2149,4
2150,3
2151,0
2152,0
2153,3
2154,3
2155,1
2156,1
2157,3
2158,3
2159,4
2160,1
2161,3
2162,3
2163,3
2164,4
2165,2
2166,1
2167,1
2168,4
2169,4
2170,5
2171,3
2172,1
2173,3
2174,3
2175,6
2176,3
2177,3
2178,4
2179,3
2180,3
2181,6
2182,6
2183,3
2184,1
2185,1
2186,3
2187,3
2188,0
2189,3
2190,0
2191,6
2192,2
2193,3
2194,4
2195,1
2196,3
2197,3
2198,3
2199,6
2200,3
2201,3
2202,5
2203,1
2204,3
2205,3
2206,3
2207,3
2208,1
2209,3
2210,1
2211,4
2212,2
2213,4
2214,3
2215,3
2216,3
2217,1
2218,6
2219,1
2220,2
2221,3
2222,1
2223,3
2224,1
2225,1
2226,3
2227,2
2228,6
2229,6
2230,1
2231,4
2232,3
2233,3
2234,3
2235,3
2236,3
2237,4
2238,2
2239,2
2240,3
2241,3
2242,3
2243,5
2244,1
2245,4
2246,1
2247,1
2248,1
2249,5
2250,4
2251,3
2252,4
2253,3
2254,3
2255,2
2256,0
2257,3
2258,3
2259,3
2260,1
2261,3
2262,3
2263,4
2264,4
2265,3
2266,1
2267,3
2268,4
2269,1
2270,1
2271,3
2272,5
2273,3
2274,4
2275,5
2276,3
2277,3
2278,2
2279,1
2280,2
2281,3
2282,1
2283,3
2284,2
2285,5
2286,0
2287,3
2288,3
2289,2
2290,3
2291,5
2292,3
2293,3
2294,4
2295,3
2296,1
2297,1
2298,5
2299,3
2300,3
2301,1
2302,2
2303,2
2304,3
2305,1
2306,3
2307,3
2308,2
2309,3
2310,2
2311,3
2312,3
2313,5
2314,3
2315,2
2316,2
2317,3
2318,2
2319,2
2320,4
2321,3
2322,1
2323,2
2324,3
2325,2
2326,2
2327,1
2328,4
2329,3
2330,3
2331,1
2332,2
2333,2
2334,0
2335,2
2336,3
2337,2
2338,1
2339,1
2340,3
2341,2
2342,3
2343,2
2344,4
2345,2
2346,3
2347,3
2348,3
2349,4
2350,4
2351,3
2352,3
2353,3
2354,1
2355,4
2356,1
2357,3
2358,2
2359,3
2360,6
2361,3
2362,4
2363,3
2364,4
2365,3
2366,1
2367,3
2368,1
2369,3
2370,3
2371,2
2372,3
2373,3
2374,3
2375,3
2376,4
2377,4
2378,3
2379,3
2380,3
2381,3
2382,2
2383,1
2384,1
2385,3
2386,4
2387,2
2388,3
2389,3
2390,2
2391,4
2392,3
2393,3
2394,4
2395,3
2396,3
2397,2
2398,3
2399,1
2400,2
2401,2
2402,3
2403,4
2404,3
2405,3
2406,3
2407,5
2408,5
2409,2
2410,2
2411,4
2412,1
2413,1
2414,2
2415,3
2416,1
2417,1
2418,4
2419,3
2420,2
2421,3
2422,1
2423,5
2424,3
2425,1
2426,4
2427,1
2428,1
2429,3
2430,2
2431,6
2432,1
2433,6
2434,5
2435,2
2436,3
2437,4
2438,5
2439,0
2440,6
2441,1
2442,0
2443,5
2444,2
2445,3
2446,3
2447,4
2448,5
2449,4
2450,5
2451,3
2452,2
2453,0
2454,6
2455,2
2456,3
2457,6
2458,1
2459,1
2460,3
2461,2
2462,2
2463,5
2464,2
2465,3
2466,5
2467,1
2468,4
2469,3
2470,4
2471,5
2472,3
2473,3
2474,0
2475,2
2476,5
2477,5
2478,5
2479,3
2480,5
2481,3
2482,5
2483,3
2484,3
2485,1
2486,5
2487,3
2488,4
2489,5
2490,5
2491,3
2492,5
2493,5
2494,1
2495,0
2496,4
2497,5
2498,2
2499,1
2500,5
2501,2
2502,5
2503,2
2504,1
2505,5
2506,5
2507,5
2508,5
2509,6
2510,6
2511,1
2512,1
2513,4
2514,3
2515,5
2516,1
2517,4
2518,0
2519,5
2520,5
2521,2
2522,4
2523,0
2524,5
2525,4
2526,6
2527,3
2528,3
2529,5
2530,3
2531,5
2532,6
2533,0
2534,2
2535,3
2536,5
2537,5
2538,4
2539,1
2540,5
2541,2
2542,2
2543,0
2544,3
2545,0
2546,5
2547,4
2548,1
2549,3
2550,3
2551,5
2552,3
2553,2
2554,5
2555,2
2556,5
2557,3
2558,2
2559,3
2560,5
2561,4
2562,2
2563,5
2564,4
2565,2
2566,1
2567,0
2568,4
2569,3
2570,3
2571,3
2572,4
2573,5
2574,4
2575,0
2576,3
2577,6
2578,0
2579,3
2580,3
2581,5
2582,5
2583,3
2584,3
2585,5
2586,5
2587,3
2588,1
2589,1
2590,2
2591,5
2592,2
2593,4
2594,5
2595,3
2596,2
2597,3
2598,5
2599,5
2600,1
2601,4
2602,0
2603,3
2604,5
2605,3
2606,3
2607,4
2608,6
2609,0
2610,3
2611,3
2612,1
2613,5
2614,3
2615,1
2616,3
2617,0
2618,5
2619,4
2620,5
2621,3
2622,3
2623,3
2624,4
2625,5
2626,3
2627,1
2628,3
2629,5
2630,5
2631,3
2632,5
2633,4
2634,3
2635,3
2636,4
2637,3
2638,5
2639,1
2640,5
2641,5
2642,3
2643,0
2644,0
2645,5
2646,1
2647,3
2648,4
2649,5
2650,5
2651,5
2652,6
2653,3
2654,3
2655,5
2656,3
2657,4
2658,4
2659,1
2660,4
2661,3
2662,3
2663,3
2664,2
2665,4
2666,5
2667,5
2668,1
2669,6
2670,3
2671,2
2672,5
2673,5
2674,2
2675,2
2676,5
2677,2
2678,6
2679,3
2680,3
2681,1
2682,6
2683,4
2684,2
2685,1
2686,0
2687,3
2688,5
2689,0
2690,4
2691,0
2692,4
2694,5
2695,3
2696,0
2697,3
2698,3
2699,5
2700,4
2701,1
2702,0
2703,5
2704,5
2705,6
2706,0
2707,6
2708,5
2709,5
2710,5
2711,2
2712,5
2713,5
2714,4
2715,3
2716,1
2717,3
2718,2
2719,6
2720,0
2721,5
2722,5
2723,3
2724,5
2725,4
2726,5
2727,3
2728,4
2729,3
2730,1
2731,3
2732,0
2733,0
2734,3
2735,3
2736,3
2737,5
2738,6
2739,3
2740,5
2741,3
2742,6
2743,5
2744,6
2745,5
2746,2
2747,3
2748,3
2749,3
2750,5
2751,2
2752,3
2753,2
2754,4
2755,5
2756,5
2757,3
2758,3
2759,5
2760,2
2761,2
2762,3
2763,3
2764,5
2765,4
2766,5
2767,5
2768,4
2769,3
2770,2
2771,4
2772,5
2773,3
2774,3
2775,6
2776,3
2777,5
2778,2
2779,3
2780,3
2781,4
2782,4
2783,3
2784,3
2785,1
2786,3
2787,5
2788,1
2789,4
2790,4
2791,3
2792,2
2793,5
2794,0
2795,4
2796,0
2797,3
2798,3
2799,3
2800,5
2801,4
2802,3
2803,6
2804,5
2805,1
2806,3
2807,5
2808,5
2809,3
2810,3
2811,5
2812,5
2813,1
2814,6
2815,3
2816,3
2817,4
2818,6
2819,5
2820,6
2821,2
2822,3
2823,6
2824,5
2825,3
2826,4
2827,4
2828,2
2829,3
2830,1
2831,5
2832,6
2833,5
2834,5
2835,4
2836,3
2837,5
2838,5
2839,2
2840,6
2841,4
2842,2
2843,5
2844,5
2845,4
2846,5
2847,6
2848,3
2849,6
2850,1
2851,5
2852,3
2853,3
2854,6
2855,5
2856,3
2857,5
2858,6
2859,5
2860,5
2861,5
2862,2
2863,0
2864,3
2865,1
2866,5
2867,5
2868,3
2869,5
2870,5
2871,4
2872,0
2873,4
2874,6
2875,4
2876,5
2877,6
2878,6
2879,3
2880,5
2881,0
2882,6
2883,1
2884,6
2885,3
2886,0
2887,0
2888,5
2889,5
2890,1
2891,4
2892,6
2893,5
2894,5
2895,3
2896,5
2897,0
2898,5
2899,5
2900,6
2901,5
2902,6
2903,5
2904,3
2905,2
2906,6
2907,5
2908,0
2909,0
2910,0
2911,5
2912,0
2913,2
2914,6
2915,6
2916,2
2917,5
2918,5
2919,5
2920,4
2921,0
2922,6
2923,3
2924,6
2925,6
2926,1
2927,6
2928,6
2929,5
2930,5
2931,0
2932,5
2933,0
2934,6
2935,5
2936,0
2937,5
2938,3
2939,5
2940,6
2941,5
2942,0
2943,0
2944,5
2945,5
2946,5
2947,0
2948,6
2949,0
2950,5
2951,0
2952,0
2953,0
2954,4
2955,6
2956,5
2957,5
2958,5
2959,5
2960,1
2961,3
2962,4
2963,5
2964,1
2965,6
2966,5
2967,5
2968,6
2969,1
2970,0
2971,4
2972,2
2973,5
2974,3
2975,5
2976,0
2977,5
2978,6
2979,6
2980,6
2981,6
2982,5
2983,4
2984,5
2985,5
2986,6
2987,0
2988,5
2989,0
2990,5
2991,5
2992,4
2993,0
2994,3
2995,5
2996,5
2997,5
2998,0
2999,5
3000,0
3001,0
3002,4
3003,2
3004,0
3005,3
3006,0
3007,5
3008,0
3009,0
3010,2
3011,4
3012,0
3013,0
3014,0
3015,0
3016,6
3017,0
3018,0
3019,0
3020,5
3021,2
3022,4
3023,0
3024,0
3025,6
3026,1
3027,3
3028,3
3029,4
3030,6
3031,6
3032,5
3033,0
3034,0
3035,0
3036,0
3037,5
3038,2
3039,0
3040,6
3041,5
3042,2
3043,6
3044,3
3045,6
3046,4
3047,6
3048,0
3049,3
3050,0
3051,0
3052,0
3053,6
3054,0
3055,5
3056,5
3057,4
3058,5
3059,3
3060,0
3061,4
3062,6
3063,2
3064,5
3065,4
3066,4
3067,5
3068,0
3069,0
3070,0
3071,6
3072,5
3073,6
3074,4
3075,6
3076,3
3077,4
3078,0
3079,1
3080,0
3081,2
3082,0
3083,1
3084,0
3085,5
3086,4
3087,3
3088,5
3089,3
3090,0
3091,6
3092,5
3093,6
3094,0
3095,2
3096,5
3097,0
3098,3
3099,6
3100,6
3101,5
3102,0
3103,0
3104,5
3105,3
3106,5
3107,6
3108,1
3109,0
3110,5
3111,0
3112,6
3113,2
3114,5
3115,6
3116,6
3117,4
3118,0
3119,0
3120,6
3121,2
3122,2
3123,5
3124,1
3125,1
3126,6
3127,0
3128,3
3129,5
3130,5
3131,5
3132,6
3133,5
3134,0
3135,4
3136,0
3137,4
3138,4
3139,0
3140,5
3141,6
3142,5
3143,6
3144,0
3145,0
3146,5
3147,1
3148,6
3149,5
3150,5
3151,0
3152,5
3153,6
3154,5
3155,1
3156,1
3157,6
3158,5
3159,5
3160,0
3161,0
3162,0
3163,5
3164,4
3165,5
3166,5
3167,0
3168,0
3169,5
3170,5
3171,0
3172,0
3173,6
3174,5
3175,6
3176,6
3177,0
3178,5
3179,0
3180,5
3181,4
3182,5
3183,1
3184,5
3185,2
3186,6
3187,3
3188,5
3189,5
3190,6
3191,0
3192,0
3193,5
3194,0
3195,6
3196,2
3197,6
3198,5
3199,6
3200,0
3201,5
3202,0
3203,1
3204,5
3205,1
3206,0
3207,0
3208,5
3209,0
3210,1
3211,0
3212,5
3213,0
3214,5
3215,3
3216,0
3217,5
3218,6
3219,5
3220,5
3221,5
3222,0
3223,0
3224,5
3225,5
3226,5
3227,5
3228,0
3229,6
3230,5
3231,3
3232,5
3233,5
3234,0
3235,1
3236,5
3237,5
3238,5
3239,1
3240,3
3241,2
3242,0
3243,6
3244,4
3245,5
3246,0
3247,6
3248,0
3249,2
3250,5
3251,0
3252,6
3253,0
3254,3
3255,5
3256,5
3257,0
3258,6
3259,3
3260,5
3261,0
3262,6
3263,5
3264,5
3265,0
3266,3
3267,5
3268,5
3269,5
3270,5
3271,5
3272,5
3273,0
3274,3
3275,5
3276,6
3277,5
3278,6
3279,0
3280,0
3281,3
3282,4
3283,5
3284,4
3285,5
3286,3
3287,5
3288,5
3289,0
3290,0
3291,5
3292,5
3293,0
3294,5
3295,0
3296,5
3297,5
3298,5
3299,5
3300,0
3301,5
3302,5
3303,5
3304,5
3305,5
3306,0
3307,0
3308,5
3309,5
3310,5
3311,0
3312,5
3313,5
3314,0
3315,0
3316,6
3317,3
3318,0
3319,0
3320,5
3321,0
3322,5
3323,0
3324,5
3325,5
3326,6
3327,5
3328,5
3329,4
3330,0
3331,5
3332,4
3333,5
3334,4
3335,5
3336,0
3337,0
3338,6
3339,4
3340,0
3341,5
3342,5
3343,3
3344,5
3345,5
3346,0
3347,0
3348,5
3349,6
3350,0
3351,6
3352,5
3353,5
3354,0
3355,5
3356,5
3357,0
3358,6
3359,6
3360,0
3361,5
3362,3
3363,0
3364,0
3365,5
3366,5
3367,5
3368,5
3369,5
3370,0
3371,1
3372,5
3373,5
3374,5
3375,6
3376,0
3377,3
3378,0
3379,6
3380,3
3381,6
3382,6
3383,5
3384,5
3385,5
3386,5
3387,5
3388,0
3389,5
3390,0
3391,5
3392,0
3393,5
3394,0
3395,0
3396,0
3397,3
3398,0
3399,0
3400,2
3401,5
3402,3
3403,2
3404,6
3405,1
3406,1
3407,0
3408,6
3409,1
3410,1
3411,3
3412,3
3413,2
3414,2
3415,6
3416,0
3417,0
3418,1
3419,2
3420,1
3421,6
3422,1
3423,2
3424,6
3425,2
3426,0
3427,0
3428,0
3429,0
3430,6
3431,1
3432,1
3433,3
3434,1
3435,0
3436,2
3437,1
3438,1
3439,6
3440,0
3441,1
3442,0
3443,1
3444,1
3445,6
3446,0
3447,1
3448,0
3449,0
3450,1
3451,0
3452,0
3453,1
3454,6
3455,0
3456,1
3457,1
3458,6
3459,0
3460,1
3461,0
3462,6
3463,1
3464,0
3465,1
3466,2
3467,5
3468,0
3469,0
3470,2
3471,4
3472,0
3473,6
3474,4
3475,1
3476,1
3477,4
3478,2
3479,1
3480,5
3481,2
3482,6
3483,6
3484,0
3485,1
3486,5
3487,0
3488,3
3489,1
3490,1
3491,6
3492,2
3493,5
3494,1
3495,6
3496,6
3497,3
3498,1
3499,0
3500,4
3501,1
3502,0
3503,0
3504,1
3505,0
3506,3
3507,5
3508,0
3509,0
3510,6
3511,6
3512,1
3513,1
3514,6
3515,0
3516,6
3517,5
3518,1
3519,1
3520,3
3521,0
3522,1
3523,1
3524,2
3525,2
3526,4
3527,2
3528,6
3529,2
3530,1
3531,1
3532,6
3533,0
3534,1
3535,1
3536,2
3537,1
3538,0
3539,2
3540,1
3541,5
3542,1
3543,6
3544,5
3545,3
3546,3
3547,0
3548,5
3549,4
3550,2
3551,6
3552,0
3553,2
3554,6
3555,0
3556,0
3557,1
3558,0
3559,2
3560,1
3561,1
3562,1
3563,0
3564,2
3565,0
3566,6
3567,1
3568,6
3569,1
3570,1
3571,0
3572,0
3573,0
3574,4
3575,0
3576,0
3577,2
3578,0
3579,1
3580,6
3581,0
3582,1
3583,0
3584,0
3585,6
3586,5
3587,1
3588,6
3589,3
3590,0
3591,0
3592,3
3593,0
3594,0
3595,5
3596,2
3597,6
3598,1
3599,1
3600,3
3601,2
3602,6
3603,1
3604,0
3605,3
3606,6
3607,6
3608,1
3609,1
3610,1
3611,6
3612,0
3613,6
3614,1
3615,6
3616,0
3617,1
3618,6
3619,0
3620,6
3621,6
3622,2
3623,4
3624,2
3625,2
3626,0
3627,0
3628,6
3629,3
3630,1
3631,1
3632,6
3633,1
3634,5
3635,5
3636,2
3637,5
3638,2
3639,3
3640,1
3641,3
3642,1
3643,6
3644,5
3645,0
3646,1
3647,0
3648,0
3649,0
3650,2
3651,0
3652,2
3653,6
3654,2
3655,6
3656,6
3657,6
3658,1
3659,0
3660,3
3661,1
3662,1
3663,1
3664,1
3665,1
3666,1
3667,0
3668,4
3669,1
3670,1
3671,6
3672,0
3673,0
3674,3
3675,1
3676,6
3677,6
3678,2
3679,0
3680,6
3681,6
3682,0
3683,3
3684,6
3685,6
3686,0
3687,2
3688,1
3689,2
3690,6
3691,5
3692,5
3693,4
3694,1
3695,6
3696,6
3697,6
3698,6
3699,6
3700,1
3701,6
3702,2
3703,2
3704,6
3705,6
3706,1
3707,2
3708,6
3709,6
3710,1
3711,6
3712,2
3713,1
3714,2
3715,0
3716,6
3717,4
3718,1
3719,2
3720,1
3721,3
3722,1
3723,6
3724,1
3725,6
3726,1
3727,6
3728,6
3729,1
3730,1
3731,6
3732,6
3733,6
3734,6
3735,0
3736,0
3737,6
3738,1
3739,6
3740,0
3741,1
3742,2
3743,0
3744,1
3745,2
3746,1
3747,6
3748,2
3749,1
3750,2
3751,2
3752,0
3753,6
3754,6
3755,0
3756,1
3757,6
3758,6
3759,5
3760,1
3761,1
3762,1
3763,0
3764,6
3765,6
3766,6
3767,4
3768,1
3769,1
3770,6
3771,0
3772,1
3773,2
3774,6
3775,4
3776,6
3777,6
3778,1
3779,3
3780,0
3781,5
3782,1
3783,6
3784,6
3785,1
3786,1
3787,1
3788,6
3789,6
3790,3
3791,1
3792,2
3793,0
3794,1
3795,5
3796,2
3797,0
3798,2
3799,1
3800,1
3801,1
3802,0
3803,6
3804,2
3805,1
3806,3
3807,6
3808,6
3809,6
3810,0
3811,2
3812,6
3813,6
3814,0
3815,6
3816,1
3817,0
3818,1
3819,1
3820,1
3821,1
3822,1
3823,3
3824,1
3825,5
3826,6
3827,0
3828,0
3829,6
3830,0
3831,1
3832,1
3833,0
3834,1
3835,1
3836,1
3837,1
3838,2
3839,1
3840,0
3841,2
3842,1
3843,1
3844,0
3845,0
3846,1
3847,1
3848,3
3849,0
3850,1
3851,1
3852,5
3853,6
3854,2
3855,6
3856,1
3857,1
3858,1
3859,1
3860,1
3861,2
3862,6
3863,1
3864,2
3865,1
3866,1
3867,2
3868,1
3869,3
3870,0
3871,1
3872,1
3873,2
3874,1
3875,1
3876,1
3877,1
3878,1
3879,4
3880,0
3881,4
3882,2
3883,3
3884,2
3885,0
3886,2
3887,1
3888,1
3889,6
3890,0
3891,1
3892,1
3893,1
3894,2
3895,2
3896,1
3897,3
3898,1
3899,6
3900,0
3901,4
3902,2
3903,1
3904,2
3905,2
3906,1
3907,6
3908,2
3909,1
3910,4
3911,6
3912,1
3913,0
3914,1
3915,2
3916,4
3917,0
3918,2
3919,0
3920,5
3921,1
3922,6
3923,2
3924,2
3925,1
3926,4
3927,2
3928,2
3929,5
3930,3
3931,1
3932,1
3933,3
3934,2
3935,1
3936,1
3937,2
3938,1
3939,2
3940,1
3941,1
3942,4
3943,1
3944,1
3945,0
3946,1
3947,1
3948,2
3949,0
3950,1
3951,6
3952,1
3953,0
3954,1
3955,1
3956,2
3957,1
3958,4
3959,1
3960,1
3961,1
3962,1
3963,1
3964,1
3965,1
3966,1
3967,1
3968,1
3969,4
3970,0
3971,2
3972,2
3973,1
3974,4
3975,6
3976,5
3977,2
3978,1
3979,1
3980,2
3981,1
3982,1
3983,5
3984,3
3985,3
3986,1
3987,4
3988,4
3989,3
3990,6
3991,1
3992,0
3993,1
3994,1
3995,1
3996,4
3997,1
3998,0
3999,2
4000,4
4001,2
4002,1
4003,1
4004,0
4005,0
4006,5
4007,1
4008,1
4009,1
4010,2
4011,2
4012,3
4013,0
4014,1
4015,1
4016,1
4017,1
4018,1
4019,1
4020,5
4021,2
4022,2
4023,6
4024,1
4025,0
4026,3
4027,1
4028,2
4029,6
4030,6
4031,1
4032,5
4033,1
4034,1
4035,2
4036,2
4037,2
4038,6
4039,6
4040,5
4041,6
4042,0
4043,1
4044,0
4045,2
4046,3
4047,1
4048,3
4049,3
4050,2
4051,1
4052,1
4053,1
4054,0
4055,3
4056,2
4057,1
4058,1
4059,2
4060,6
4061,1
4062,6
4063,0
4064,2
4065,1
4066,1
4067,5
4068,1
4069,1
4070,1
4071,1
4072,1
4073,0
4074,0
4075,1
4076,0
4077,3
4078,1
4079,1
4080,0
4081,1
4082,2
4083,1
4084,1
4085,6
4086,3
4087,1
4088,1
4089,5
4090,6
4091,0
4092,0
4093,1
4094,2
4095,1
4096,3
4097,1
4098,1
4099,0
4100,0
4101,2
4102,2
4103,0
4104,1
4105,2
4106,1
4107,6
4108,1
4109,3
4110,1
4111,1
4112,2
4113,6
4114,0
4115,4
4116,1
4117,2
4118,1
4119,2
4120,0
4121,0
4122,2
4123,2
4124,0
4125,1
4126,1
4127,0
4128,1
4129,1
4130,0
4131,6
4132,0
4133,0
4134,1
4135,2
4136,0
4137,2
4138,0
4139,0
4140,1
4141,0
4142,6
4143,2
4144,5
4145,0
4146,1
4147,1
4148,1
4149,1
4150,2
4151,0
4152,1
4153,2
4154,0
4155,1
4156,2
4157,1
4158,4
4159,1
4160,2
4161,1
4162,2
4163,0
4164,2
4165,1
4166,2
4167,2
4168,2
4169,1
4170,1
4171,0
4172,1
4173,2
4174,0
4175,1
4176,0
4177,0
4178,6
4179,2
4180,0
4181,2
4182,2
4183,3
4184,0
4185,4
4186,1
4187,2
4188,0
4189,2
4190,2
4191,1
4192,6
4193,2
4194,6
4195,3
4196,1
4197,2
4198,3
4199,0
4200,0
4201,1
4202,5
4203,5
4204,6
4205,4
4206,3
4207,2
4208,1
4209,1
4210,1
4211,1
4212,1
4213,1
4214,2
4215,1
4216,0
4217,2
4218,1
4219,1
4220,1
4221,6
4222,2
4223,3
4224,1
4225,2
4226,0
4227,6
4228,6
4229,2
4230,1
4231,2
4232,0
4233,4
4234,1
4235,2
4236,2
4237,2
4238,4
4239,2
4240,4
4241,2
4242,1
4243,1
4244,3
4245,2
4246,2
4247,2
4248,6
4249,0
4250,2
4251,3
4252,4
4253,6
4254,1
4255,2
4256,2
4257,1
4258,2
4259,2
4260,2
4261,1
4262,0
4263,2
4264,1
4265,2
4266,3
4267,0
4268,2
4269,4
4270,3
4271,3
4272,1
4273,2
4274,3
4275,2
4276,6
4277,4
4278,3
4279,2
4280,3
4281,2
4282,5
4283,5
4284,1
4285,3
4286,2
4287,2
4288,0
4289,0
4290,2
4291,2
4292,3
4293,3
4294,1
4295,0
4296,3
4297,2
4298,2
4299,0
4300,3
4301,0
4302,5
4303,0
4304,6
4305,3
4306,3
4307,4
4308,1
4309,5
4310,1
4311,2
4312,2
4313,3
4314,2
4315,3
4316,4
4317,2
4318,2
4319,1
4320,2
4321,2
4322,3
4323,3
4324,2
4325,3
4326,2
4327,1
4328,0
4329,1
4330,3
4331,1
4332,1
4333,2
4334,3
4335,1
4336,0
4337,3
4338,1
4339,2
4340,1
4341,2
4342,0
4343,0
4344,2
4345,2
4346,2
4347,1
4348,3
4349,2
4350,5
4351,3
4352,2
4353,2
4354,3
4355,2
4356,2
4357,3
4358,5
4359,1
4360,3
4361,1
4362,3
4363,3
4364,1
4365,3
4366,2
4367,2
4368,5
4369,1
4370,2
4371,5
4372,6
4373,4
4374,2
4375,2
4376,3
4377,3
4378,6
4379,2
4380,1
4381,2
4382,2
4383,1
4384,6
4385,1
4386,2
4387,2
4388,0
4389,3
4390,3
4391,2
4392,2
4393,0
4394,0
4395,6
4396,5
4397,0
4398,1
4399,0
4400,5
4401,2
4402,4
4403,0
4404,2
4405,3
4406,3
4407,3
4408,2
4409,1
4410,2
4411,2
4412,0
4413,4
4414,3
4415,4
4416,1
4417,3
4418,1
4419,4
4420,3
4421,0
4422,2
4423,2
4424,2
4425,2
4426,3
4427,3
4428,3
4429,0
4430,2
4431,5
4432,6
4433,2
4434,2
4435,4
4436,2
4437,0
4438,0
4439,4
4440,3
4441,1
4442,2
4443,3
4444,1
4445,2
4446,2
4447,0
4448,3
4449,2
4450,2
4451,1
4452,3
4453,2
4454,0
4455,2
4456,3
4457,1
4458,1
4459,2
4460,3
4461,2
4462,3
4463,5
4464,4
4465,0
4466,2
4467,2
4468,3
4469,3
4470,3
4471,0
4472,2
4473,2
4474,2
4475,2
4476,1
4477,0
4478,3
4479,3
4480,4
4481,2
4482,2
4483,2
4484,2
4485,2
4486,0
4487,3
4488,2
4489,6
4490,3
4491,2
4492,1
4493,2
4494,1
4495,5
4496,0
4497,1
4498,2
4499,2
4500,5
4501,3
4502,2
4503,4
4504,2
4505,3
4506,2
4507,0
4508,0
4509,2
4510,3
4511,1
4512,0
4513,3
4514,2
4515,1
4516,3
4517,2
4518,2
4519,4
4520,5
4521,1
4522,6
4523,3
4524,3
4525,2
4526,2
4527,3
4528,2
4529,0
4530,3
4531,2
4532,2
4533,2
4534,4
4535,1
4536,2
4537,3
4538,2
4539,4
4540,2
4541,2
4542,5
4543,5
4544,4
4545,2
4546,4
4547,4
4548,0
4549,1
4550,2
4551,2
4552,2
4553,2
4554,5
4555,3
4556,2
4557,6
4558,2
4559,5
4560,3
4561,2
4562,4
4563,1
4564,3
4565,2
4566,1
4567,3
4568,6
4569,2
4570,5
4571,0
4572,1
4573,0
4574,1
4575,1
4576,1
4577,2
4578,0
4579,1
4580,2
4581,0
4582,6
4583,5
4584,2
4585,3
4586,3
4587,2
4588,1
4589,2
4590,0
4591,2
4592,1
4593,1
4594,1
4595,4
4596,4
4597,2
4598,0
4599,1
4600,3
4601,0
4602,1
4603,1
4604,0
4605,3
4606,6
4607,2
4608,3
4609,3
4610,1
4611,1
4612,5
4613,3
4614,3
4615,1
4616,2
4617,3
4618,1
4619,2
4620,4
4621,1
4622,2
4623,3
4624,1
4625,4
4626,3
4627,1
4628,1
4629,1
4630,2
4631,2
4632,3
4633,2
4634,3
4635,2
4636,1
4637,1
4638,3
4639,3
4640,1
4641,1
4642,1
4643,2
4644,1
4645,3
4646,2
4647,1
4648,3
4649,2
4650,1
4651,3
4652,0
4653,3
4654,1
4655,1
4656,1
4657,5
4658,1
4659,1
4660,3
4661,2
4662,6
4663,1
4664,2
4665,4
4666,3
4667,6
4668,3
4669,5
4670,5
4672,3
4673,1
4674,3
4675,5
4676,4
4677,1
4678,3
4679,3
4680,6
4681,2
4683,3
4684,3
4685,1
4686,3
4687,3
4688,3
4689,5
4690,3
4691,3
4692,1
4694,3
4695,4
4696,3
4697,1
4698,3
4699,3
4700,4
4701,4
4702,4
4703,3
4705,4
4706,1
4707,0
4708,1
4709,0
4710,3
4711,3
4712,4
4713,3
4714,3
4716,4
4717,3
4718,3
4719,3
4720,4
4721,4
4722,3
4723,3
4724,1
4725,3
4727,3
4728,4
4729,5
4730,2
4731,4
4732,4
4733,3
4734,1
4735,3
4736,3
4738,3
4739,6
4740,1
4741,1
4742,1
4743,3
4744,3
4745,3
4746,3
4747,4
4749,4
4750,3
4751,2
4752,3
4753,3
4754,2
4755,4
4756,3
4757,2
4758,3
4760,3
4761,4
4762,3
4763,4
4764,1
4765,4
4766,3
4767,3
4768,3
4769,1
4771,3
4772,1
4773,1
4775,3
4776,3
4777,3
4778,2
4779,0
4780,6
4782,3
4783,3
4784,1
4785,2
4786,1
4787,5
4788,3
4789,5
4790,3
4791,0
4793,3
4794,4
4795,5
4796,1
4797,3
4798,3
4799,3
4800,2
4801,3
4802,3
4804,3
4805,6
4806,1
4807,3
4808,3
4809,6
4810,3
4811,4
4812,1
4813,4
4815,1
4816,4
4817,0
4818,1
4819,4
4820,5
4821,3
4822,3
4823,4
4824,5
4826,1
4827,3
4828,1
4829,6
4830,3
4831,3
4832,3
4833,3
4834,3
4835,3
4837,3
4838,4
4839,6
4840,6
4841,6
4842,0
4843,3
4844,5
4845,3
4846,4
4848,1
4849,6
4850,5
4851,5
4852,3
4853,4
4854,2
4855,4
4856,3
4857,1
4859,3
4860,2
4861,3
4862,4
4863,3
4864,1
4865,3
4866,1
4867,3
4868,2
4870,0
4871,1
4872,3
4873,4
4874,4
4875,4
4876,0
4877,2
4878,3
4879,2
4881,3
4882,3
4883,4
4884,6
4885,5
4886,3
4887,2
4888,5
4889,3
4890,2
4892,1
4893,3
4894,4
4895,3
4896,3
4897,3
4898,4
4899,3
4900,3
4901,6
4903,3
4904,3
4905,2
4906,3
4907,3
4908,2
4909,3
4910,5
4911,2
4912,3
4914,3
4915,3
4916,3
4917,1
4918,2
4919,1
4920,2
4921,3
4922,3
4923,2
4925,2
4926,2
4927,4
4928,2
4929,4
4930,2
4931,4
4932,3
4933,2
4934,2
4936,1
4937,2
4938,2
4939,5
4940,6
4941,4
4942,3
4943,4
4944,3
4945,2
4947,4
4948,5
4949,4
4950,2
4951,3
4952,3
4953,3
4954,2
4955,2
4956,3
4958,1
4959,4
4960,3
4961,0
4962,3
4963,0
4964,3
4965,1
4966,3
4967,3
4969,4
4970,4
4971,2
4972,1
4973,0
4974,3
4975,5
5048,4
5049,5
5050,4
5051,4
5052,3
5053,4
5054,1
5055,0
5056,5
5058,3
5059,3
5060,5
5061,5
5062,3
5063,5
5064,2
5065,4
5066,5
5067,3
5069,5
5070,6
5071,4
5072,6
5073,5
5074,5
5075,4
5076,3
5077,5
5078,5
5080,5
5081,3
5082,3
5083,4
5084,2
5085,4
5086,6
5087,4
5088,6
5089,2
5091,3
5092,3
5093,4
5094,4
5095,4
5096,5
5097,4
5098,3
5099,6
5100,4
5102,4
5103,5
5104,5
5105,3
5106,6
5107,4
5108,6
5109,4
5110,3
5111,3
5113,5
5114,3
5115,5
5116,5
5117,5
5118,5
5119,2
5120,5
5121,4
5122,4
5124,0
5125,6
5126,0
5127,4
5128,4
5129,2
5130,3
5131,1
5132,4
5133,4
5135,3
5136,4
5137,5
5138,5
5139,5
5140,2
5141,4
5142,4
5143,5
5144,4
5146,2
5147,5
5148,5
5149,4
5150,0
5151,4
5152,6
5153,3
5154,6
5155,3
5157,3
5158,3
5159,4
5160,6
5161,3
5162,6
5163,4
5164,4
5165,5
5166,5
5168,4
5169,5
5170,4
5171,5
5172,6
5173,4
5174,6
5175,0
5176,3
5177,4
5179,5
5180,1
5181,4
5182,4
5183,0
5184,4
5185,4
5186,2
5187,4
5188,4
5190,4
5191,5
5192,4
5193,5
5194,3
5195,5
5196,6
5197,5
5198,3
5199,5
5201,3
5202,4
5203,4
5204,4
5205,6
5206,4
5207,5
5208,4
5209,4
5210,4
5212,4
5213,4
5214,4
5215,6
5216,4
5217,3
5218,4
5219,3
5220,6
5221,5
5223,3
5224,4
5225,0
5226,0
5227,4
5228,5
5229,4
5230,1
5231,1
5232,5
5234,3
5235,4
5236,0
5237,4
5238,4
5239,4
5240,5
5241,5
5242,3
5243,4
5245,5
5246,6
5247,0
5248,5
5249,5
5250,6
5251,4
5252,2
5253,6
5254,4
5256,4
5257,4
5258,2
5259,5
5260,3
5261,5
5262,5
5263,4
5264,4
5265,6
5267,4
5268,5
5269,2
5270,0
5271,0
5272,4
5273,2
5274,4
5275,4
5276,4
5278,6
5279,2
5280,5
5281,4
5282,5
5283,4
5284,6
5285,6
5286,5
5287,0
5289,3
5290,4
5291,6
5292,5
5293,5
5294,0
5295,3
5296,3
5297,4
5298,4
5300,6
5301,4
5302,3
5303,6
5304,6
5305,4
5306,4
5307,3
5308,6
5309,4
5311,2
5312,4
5313,4
5314,5
5315,4
5316,5
5317,3
5318,3
5319,5
5320,4
5322,4
5323,5
5324,5
5325,5
5326,5
5327,6
5328,3
5329,5
5330,5
5331,4
5333,4
5334,6
5335,5
5410,2
5411,1
5412,1
5413,1
5414,1
5415,6
5416,3
5417,1
5418,1
5420,1
5421,2
5422,1
5423,6
5424,0
5425,1
5426,1
5427,6
5428,1
5429,6
5431,1
5432,0
5433,1
5434,2
5435,0
5436,1
5437,6
5438,5
5439,5
5440,1
5442,1
5443,2
5444,6
5445,6
5446,1
5447,4
5448,1
5449,2
5450,0
5451,1
5453,3
5454,1
5455,6
5456,6
5457,6
5458,6
5459,2
5460,2
5461,2
5462,2
5464,1
5465,2
5466,6
5467,1
5468,1
5469,5
5470,1
5471,6
5472,2
5473,3
5475,6
5476,1
5477,1
5478,1
5479,4
5480,0
5481,1
5482,4
5483,1
5484,6
5486,2
5487,2
5488,2
5489,5
5490,6
5491,6
5492,1
5493,1
5494,4
5495,1
5497,4
5498,1
5499,1
5500,1
5501,1
5502,6
5503,0
5504,1
5505,1
5506,1
5508,6
5509,1
5510,1
5511,3
5512,1
5513,5
5514,2
5515,4
5516,1
5517,2
5519,2
5520,2
5521,6
5522,6
5523,6
5524,6
5525,6
5526,3
5527,1
5528,6
5530,1
5531,6
5532,2
5533,6
5534,0
5535,1
5536,4
5537,1
5538,6
5539,6
5541,1
5542,4
5543,1
5544,2
5545,3
5546,2
5547,0
5548,4
5549,1
5550,2
5552,2
5553,2
5554,4
5555,0
5556,1
5557,3
5558,1
5559,1
5560,6
5561,6
5563,2
5564,2
5565,1
5566,1
5567,2
5568,1
5569,6
5570,1
5571,1
5572,1
5574,0
5575,6
5576,2
5577,1
5578,1
5579,1
5580,1
5581,6
5582,2
5583,6
5585,2
5586,1
5587,6
5588,0
5589,1
5590,0
5591,1
5592,6
5593,1
5594,0
5596,2
5597,2
5598,6
5599,6
5600,2
5601,1
5602,3
5603,1
5604,6
5605,3
5607,1
5608,4
5609,1
5610,6
5611,6
5612,0
5613,3
5614,0
5615,4
5616,2
5618,6
5619,1
5620,2
5621,1
5622,1
5623,1
5624,2
5625,0
5626,6
5627,1
5629,1
5630,1
5631,1
5632,1
5633,3
5634,6
5635,5
5636,3
5637,6
5638,5
5640,6
5641,1
5642,6
5643,3
5644,2
5645,6
5646,3
5647,2
5648,6
5649,0
5651,2
5652,1
5653,6
5654,2
5655,3
5656,0
5657,6
5658,1
5659,1
5660,6
5662,1
5663,1
5664,1
5665,4
5666,1
5667,3
5668,2
5669,2
5670,1
5671,0
5673,0
5674,3
5675,1
5676,1
5677,3
5678,3
5679,1
5680,4
5681,3
5682,0
5684,6
5685,6
5686,1
5687,1
5688,2
5689,1
5690,0
5691,1
5692,2
5693,6
5695,6
5696,2
5697,6
5698,1
5699,4
5700,3
5701,1
5702,2
5703,1
5704,1
5706,6
5707,6
5708,4
5709,1
5710,1
5711,2
5712,6
5713,2
5714,1
5715,1
5717,0
5718,0
5719,6
5720,5
5721,0
5722,0
5723,6
5724,2
5725,6
5726,6
5728,0
5729,3
5730,6
5731,1
5732,4
5733,0
5734,0
5735,3
5736,1
5737,1
5739,0
5740,0
5741,0
5742,2
5743,2
5744,6
5745,1
5746,1
5747,3
5748,4
5750,6
5751,1
5752,2
5753,1
5754,0
5755,6
5756,0
5757,1
5758,5
5759,6
5761,1
5830,6
5831,0
5832,0
5833,3
5834,2
5835,3
5836,2
5837,3
5838,3
5840,1
5841,3
5842,0
5843,2
5844,1
5845,2
5846,4
5847,3
5848,2
5849,3
5851,2
5852,2
5853,3
5854,2
5855,1
5856,2
5857,1
5858,3
5859,0
5860,2
5862,3
5863,4
5864,4
5865,1
5866,3
5867,2
5868,4
5869,2
5870,2
5871,5
5873,4
5874,1
5875,2
5876,2
5877,2
5878,5
5879,3
5880,3
5881,0
5882,2
5884,1
5885,1
5886,2
5887,2
5888,1
5889,2
5890,0
5891,4
5892,3
5893,0
5895,4
5896,3
5897,2
5898,3
5899,4
5900,1
5901,0
5902,4
5903,2
5904,3
5906,0
5907,0
5908,1
5909,2
5910,2
5911,2
5912,2
5913,2
5914,5
5915,6
5917,2
5918,1
5919,4
5920,0
5921,2
5922,0
5923,2
5924,2
5925,2
5926,2
5928,1
5929,2
5930,2
5931,6
5932,6
5933,1
5934,2
5935,2
5936,1
5937,1
5939,0
5940,2
5941,3
5942,2
5943,2
5944,1
5945,2
5946,2
5947,1
5948,2
5950,1
5951,2
5952,2
5953,2
5954,5
5955,3
5956,3
5957,3
5958,3
5959,3
5961,3
5962,4
5963,2
5964,3
5965,5
5966,2
5967,2
5968,4
5969,6
5970,2
5972,2
5973,0
5974,2
5975,2
5976,3
5977,0
5978,3
5979,2
5980,3
5981,0
5983,3
5984,1
5985,5
5986,2
5987,3
5988,2
5989,2
5990,2
5991,2
5992,1
5994,2
5995,3
5996,2
5997,5
5998,2
5999,0
6000,3
6001,3
6002,2
6003,2
6005,4
6006,1
6007,3
6008,2
6009,3
6010,3
6011,3
6012,2
6013,1
6014,3
6016,2
6017,1
6018,2
6019,5
6020,4
6021,2
6022,3
6023,2
6024,3
6025,3
6027,4
6028,2
6029,2
6030,1
6031,3
6032,3
6033,4
6034,3
6035,2
6036,0
6038,2
6039,3
6040,1
6041,3
6042,4
6043,2
6044,1
6045,3
6046,2
6047,1
6049,1
6050,2
6051,4
6052,1
6053,2
6054,1
6055,1
6056,1
6057,6
6058,3
6060,3
6061,1
6062,1
6063,3
6064,2
6065,3
6066,2
6067,0
6068,1
6069,1
6071,2
6072,1
6073,2
6074,3
6075,1
6076,6
6077,3
6078,3
6079,0
6080,2
6082,6
6083,3
6084,2
6085,1
6086,2
6087,5
6088,4
6089,2
6090,1
6091,2
6093,2
6094,2
6095,2
6096,2
6097,6
6098,2
6099,2
6100,3
6101,0
6102,5
6104,2
6105,5
6106,3
6107,2
6108,2
6109,1
6110,2
6111,2
6112,3
6113,2
6115,0
6116,6
6117,1
6118,2
6119,1
6120,2
6121,2
6122,0
6123,3
6124,3
6126,0
6127,2
6128,2
6129,2
6130,0
6131,2
6132,3
6133,0
6134,1
6135,5
6137,2
6138,1
6139,2
6140,6
6141,2
6142,0
6143,1
6144,3
6145,1
6146,3
6148,1
6149,1
6150,2
6151,3
6152,1
6153,2
6154,2
6155,2
6156,2
6157,3
6159,2
6160,1
6161,2
6162,2
6163,2
6164,2
6165,1
6166,2
6167,1
6168,1
6170,2
6194,2
6195,0
6196,4
6197,5
6198,0
6199,4
6200,1
6201,3
6202,3
6203,4
6204,4
6205,1
6206,1
6207,3
6208,4
6209,3
6210,1
6211,4
6212,2
6213,3
6214,3
6215,3
6216,3
6217,4
6218,3
6219,3
6220,3
6221,2
6222,4
6223,5
6224,2
6225,1
6226,3
6227,4
6228,3
6229,3
6230,3
6231,3
6232,4
6233,3
6234,3
6235,3
6236,2
6237,3
6238,2
6239,2
6240,3
6241,4
6242,4
6243,4
6244,2
6245,3
6246,6
6247,4
6248,3
6249,1
6250,5
6251,2
6252,3
6253,6
6254,1
6255,3
6256,6
6257,4
6258,3
6259,4
6260,5
6261,0
6262,6
6263,3
6264,3
6265,6
6266,3
6267,2
6268,3
6269,3
6270,3
6271,2
6272,3
6273,5
6274,0
6275,3
6276,1
6277,3
6278,3
6279,3
6280,3
6281,1
6282,1
6283,3
6284,6
6285,2
6286,3
6287,3
6288,3
6289,3
6290,5
6291,3
6292,1
6293,3
6294,3
6295,3
6296,3
6297,1
6298,3
6299,6
6300,1
6301,3
6302,0
6303,3
6304,3
6305,2
6306,3
6307,3
6308,6
6309,3
6310,3
6311,6
6312,5
6313,3
6314,2
6315,3
6316,2
6317,4
6318,4
6319,2
6320,4
6321,3
6322,3
6323,2
6324,6
6325,2
6326,3
6327,5
6328,2
6329,2
6330,2
6331,4
6332,5
6333,1
6334,3
6335,5
6336,3
6337,2
6338,3
6339,3
6340,5
6341,3
6342,3
6343,4
6344,3
6345,4
6346,4
6347,2
6348,3
6349,4
6350,3
6351,2
6352,1
6353,3
6354,3
6355,2
6356,3
6357,3
6358,3
6359,1
6360,5
6361,1
6362,3
6363,3
6364,3
6365,3
6366,3
6367,5
6368,5
6369,3
6370,1
6371,3
6372,5
6373,3
6374,3
6375,3
6376,3
6377,3
6378,6
6379,3
6380,3
6381,3
6382,3
6383,6
6384,6
6385,3
6386,3
6387,6
6388,3
6389,5
6390,3
6391,6
6392,3
6393,3
6394,3
6395,2
6396,3
6397,3
6398,3
6399,1
6400,3
6401,0
6402,4
6403,4
6404,1
6405,3
6406,5
6407,3
6408,1
6409,0
6410,3
6411,3
6412,6
6413,1
6414,3
6415,4
6416,4
6417,5
6418,3
6419,3
6420,3
6421,5
6422,3
6423,3
6424,2
6425,5
6426,4
6427,3
6428,6
6429,5
6430,1
6431,3
6432,3
6433,3
6434,3
6435,3
6436,6
6437,3
6438,3
6439,3
6440,3
6441,3
6442,3
6443,4
6444,2
6445,3
6446,3
6447,5
6448,3
6449,3
6450,4
6451,1
6452,3
6453,4
6454,3
6455,3
6456,4
6457,1
6458,4
6459,2
6460,3
6461,3
6462,2
6463,2
6464,4
6465,3
6466,2
6467,3
6468,4
6469,3
6470,1
6471,3
6472,1
6473,3
6474,0
6475,2
6476,4
6477,3
6478,3
6479,3
6480,3
6481,3
6482,3
6483,2
6484,2
6485,2
6486,1
6487,3
6488,4
6489,4
6490,2
6491,4
6492,3
6493,3
6494,3
6495,3
6496,2
6497,5
6498,2
6499,3
6500,2
6501,0
6502,3
6503,4
6504,2
6505,2
6506,5
6507,4
6508,4
6509,5
6510,4
6511,4
6512,3
6513,5
6514,4
6515,2
6516,3
6517,4
6518,6
6519,2
6520,4
6521,6
6522,4
6523,5
6524,4
6525,4
6526,5
6527,3
6528,4
6529,3
6530,5
6531,4
6532,3
6533,5
6534,0
6535,5
6536,4
6537,4
6538,4
6539,1
6540,4
6541,3
6542,4
6543,4
6544,5
6545,4
6546,4
6547,4
6548,5
6549,5
6550,4
6551,5
6552,5
6553,2
6554,4
6555,5
6556,6
6557,4
6558,5
6559,4
6560,5
6561,4
6562,4
6563,0
6564,4
6565,4
6566,4
6567,4
6568,3
6569,4
6570,0
6571,4
6572,4
6573,5
6574,1
6575,4
6576,5
6577,4
6578,3
6579,3
6580,4
6581,4
6582,4
6583,4
6584,5
6585,4
6586,5
6587,4
6588,4
6589,5
6590,5
6591,6
6592,3
6593,2
6594,4
6595,4
6596,4
6597,5
6598,4
6599,3
6600,4
6601,3
6602,4
6603,6
6604,5
6605,2
6606,3
6607,5
6608,4
6609,4
6610,3
6611,4
6612,2
6613,4
6614,4
6615,2
6616,4
6617,4
6618,4
6619,5
6620,4
6621,5
6622,4
6623,5
6624,5
6625,4
6626,4
6627,5
6628,4
6629,4
6630,5
6631,5
6632,1
6633,4
6634,3
6635,5
6636,4
6637,0
6638,3
6639,3
6640,2
6641,1
6642,5
6643,4
6644,4
6645,1
6646,4
6647,5
6648,4
6650,0
6651,6
6652,4
6653,4
6654,5
6655,5
6656,5
6657,3
6658,3
6659,0
6660,4
6661,5
6662,4
6663,5
6664,4
6665,1
6666,4
6667,4
6668,4
6669,0
6670,0
6671,4
6672,5
6673,0
6674,4
6675,3
6676,6
6677,5
6678,3
6679,2
6680,4
6681,5
6682,4
6683,2
6684,4
6685,0
6686,4
6687,4
6688,4
6689,4
6690,5
6691,6
6692,4
6693,4
6694,6
6695,0
6696,4
6697,4
6698,3
6699,5
6700,4
6701,5
6702,4
6703,5
6704,2
6705,2
6706,5
6707,2
6708,4
6709,4
6710,4
6711,4
6712,4
6713,4
6714,4
6715,4
6716,4
6717,4
6718,6
6719,3
6720,4
6721,4
6722,4
6723,4
6724,0
6725,4
6726,3
6727,5
6728,5
6729,4
6730,4
6731,4
6732,5
6733,2
6734,2
6735,3
6736,4
6737,2
6738,3
6739,5
6740,5
6741,3
6742,5
6743,4
6744,3
6745,3
6746,5
6747,6
6748,5
6749,5
6750,5
6751,2
6752,2
6753,5
6754,3
6755,5
6756,4
6757,2
6758,4
6759,4
6760,6
6761,0
6762,5
6763,6
6764,6
6765,6
6766,1
6767,6
6768,6
6769,0
6770,4
6771,5
6772,0
6773,0
6774,0
6775,4
6776,6
6777,4
6778,4
6779,6
6780,0
6781,0
6782,6
6783,0
6784,6
6785,6
6786,6
6787,0
6788,6
6789,4
6790,0
6791,1
6792,5
6793,5
6794,0
6795,1
6796,1
6797,5
6798,5
6799,4
6800,5
6801,6
6802,5
6803,6
6804,6
6805,5
6806,6
6807,5
6808,5
6809,0
6810,0
6811,5
6812,6
6813,6
6814,0
6815,4
6816,0
6817,5
6818,5
6819,0
6820,6
6821,0
6822,5
6823,5
6824,5
6825,6
6826,6
6827,0
6828,1
6829,4
6830,0
6831,0
6832,5
6833,5
6834,5
6835,6
6836,6
6837,6
6838,0
6839,0
6840,6
6841,6
6842,6
6843,5
6844,4
6845,6
6846,6
6847,6
6848,6
6849,6
6850,6
6851,0
6852,6
6853,6
6854,6
6855,6
6856,4
6857,0
6858,6
6859,6
6860,4
6861,6
6862,6
6863,6
6864,5
6865,6
6866,2
6867,4
6868,6
6869,6
6870,5
6871,4
6872,6
6873,4
6874,5
6875,5
6876,5
6877,4
6878,6
6879,6
6880,6
6881,0
6882,0
6883,6
6884,6
6885,5
6886,6
6887,4
6888,6
6889,6
6890,6
6891,4
6892,6
6893,0
6894,6
6895,6
6896,6
6897,6
6898,5
6899,5
6900,6
6901,6
6902,5
6903,6
6904,6
6905,6
6906,6
6907,6
6908,0
6909,6
6910,4
6911,0
6912,0
6913,5
6914,6
6915,5
6916,6
6917,6
6918,4
6919,6
6920,0
6921,5
6922,6
6923,6
6924,6
6925,6
6926,0
6927,1
6928,4
6929,5
6930,0
6931,6
6932,0
6933,0
6934,5
6935,6
6936,0
6937,6
6938,5
6939,5
6940,6
6941,5
6942,0
6943,6
6944,5
6945,6
6946,0
6947,0
6948,0
6949,6
6950,6
6951,0
6952,6
6953,6
6954,0
6955,6
6956,6
6957,0
6958,4
6959,5
6960,0
6961,6
6962,6
6963,6
6964,5
6965,6
6966,6
6967,6
6968,5
6969,6
6970,6
6971,6
6972,1
6973,0
6974,5
6975,4
6976,4
6977,6
6978,0
6979,6
6980,2
6981,1
6982,5
6983,6
6984,6
6985,6
6986,4
6987,6
6988,0
6989,0
6990,6
6991,6
6992,6
6993,5
6994,6
6995,6
6996,0
6997,6
6998,0
6999,5
7000,0
7001,5
7002,5
7003,0
7004,6
7005,6
7006,0
7007,0
7008,0
7009,1
7010,0
7011,6
7012,6
7013,5
7014,0
7015,5
7016,6
7017,4
7018,6
7019,0
7020,6
7021,6
7022,0
7023,6
7024,6
7025,6
7026,5
7027,6
7028,5
7029,4
7030,6
7031,0
7032,0
7033,4
7034,5
7035,6
7036,5
7037,6
7038,1
7039,5
7040,1
7041,0
7042,5
7043,6
7044,6
7045,0
7046,6
7047,5
7048,6
7049,5
7050,5
7051,5
7052,6
7053,5
7054,0
7055,4
7056,0
7057,0
7058,6
7059,6
7060,5
7061,5
7062,6
7063,4
7064,6
7065,5
7066,5
7067,5
7068,0
7069,5
7070,5
7071,6
7072,5
7073,5
7074,5
7075,5
7076,0
7077,5
7078,1
7079,5
7080,5
7081,6
7082,6
7083,0
7084,0
7085,5
7086,5
7087,0
7088,0
7089,6
7090,6
7091,5
7092,5
7093,6
7094,6
7095,4
7096,5
7097,0
7098,5
7099,0
7100,6
7101,6
7102,6
7103,5
7104,0
7105,6
7106,5
7107,6
7108,0
7109,0
7110,6
7111,1
7112,6
7113,5
7114,0
7115,5
7116,0
7117,6
7118,4
7119,0
7120,5
7121,0
7122,0
7123,6
7124,4
7125,6
7126,5
7127,0
7128,5
7129,5
7130,6
7131,6
7132,0
7133,6
7134,5
7135,6
7136,6
7137,0
7138,0
7139,0
7140,6
7141,6
7142,0
7143,6
7144,5
7145,0
7146,3
7147,0
7148,5
7149,6
7150,1
7151,1
7152,6
7153,1
7154,6
7155,1
7156,1
7157,1
7158,6
7159,1
7160,6
7161,1
7162,0
7163,1
7164,6
7165,1
7166,0
7167,1
7168,1
7169,1
7170,0
7171,1
7172,1
7173,1
7174,1
7175,6
7176,6
7177,6
7178,6
7179,6
7180,6
7181,1
7182,6
7183,1
7184,1
7185,1
7186,6
7187,0
7188,1
7189,6
7190,6
7191,1
7192,6
7193,6
7194,1
7195,1
7196,1
7197,6
7198,6
7199,1
7200,6
7201,6
7202,1
7203,1
7204,1
7205,6
7206,1
7207,6
7208,1
7209,1
7210,6
7211,1
7212,6
7213,0
7214,1
7215,1
7216,1
7217,1
7218,1
7219,1
7220,1
7221,6
7222,6
7223,6
7224,1
7225,1
7226,1
7227,1
7228,1
7229,6
7230,6
7231,1
7232,6
7233,1
7234,6
7235,6
7236,1
7237,6
7238,6
7239,1
7240,0
7241,1
7242,1
7243,1
7244,6
7245,1
7246,1
7247,6
7248,1
7249,1
7250,1
7251,1
7252,6
7253,5
7254,1
7255,6
7256,6
7257,6
7258,1
7259,6
7260,6
7261,1
7262,1
7263,6
7264,1
7265,6
7266,6
7267,6
7268,6
7269,6
7270,1
7271,0
7272,6
7273,1
7274,1
7275,6
7276,1
7277,6
7278,1
7279,1
7280,1
7281,6
7282,6
7283,0
7284,6
7285,6
7286,1
7287,0
7288,1
7289,6
7290,1
7291,6
7292,6
7293,1
7294,1
7295,1
7296,1
7297,6
7298,1
7299,6
7300,1
7301,1
7302,1
7303,6
7304,0
7305,6
7306,6
7307,0
7308,6
7309,6
7310,1
7311,6
7312,6
7313,1
7314,1
7315,6
7316,6
7317,6
7318,1
7319,6
7320,1
7321,6
7322,1
7323,6
7324,1
7325,1
7326,6
7327,6
7328,6
7329,6
7330,1
7331,6
7332,6
7333,6
7334,6
7335,1
7336,6
7337,1
7338,6
20001,6
20002,6
20003,6
20004,5
20005,6
20006,6
20007,6
20008,4
20009,5
20010,4
20011,4
20012,5
20013,5
20014,4
20015,6
20016,5
20017,5
20018,4
20019,6
20020,6
20021,5
20022,5
20023,6
20024,6
20025,5
20026,4
20027,6
20028,6
20029,0
20030,6
20031,6
20032,6
20033,1
20034,4
20035,6
20036,1
20037,6
20038,6
20039,6
20040,4
20041,4
20042,6
20043,4
20044,6
20045,6
20046,6
20047,6
20048,0
20049,5
20050,4
20051,6
20052,4
20053,4
20054,6
20055,4
20056,6
20057,6
20058,4
20059,6
20060,6
20061,4
20062,6
20063,6
20064,6
20065,5
20066,6
20067,6
20068,6
20069,6
20070,6
20071,6
20072,6
20073,6
20074,6
20075,4
20076,6
20077,6
20078,4
20079,4
20080,6
20081,6
20082,6
20083,6
20084,6
20085,6
20086,6
20087,1
20088,6
20089,6
20090,0
20091,6
20092,6
20093,6
20094,1
20095,6
20096,0
20097,4
20098,4
20099,6
20100,4
20101,6
20102,6
20103,6
20104,5
20105,6
20106,6
20107,6
20108,6
20109,6
20110,1
20111,4
20112,6
20113,1
20114,1
20115,6
20116,0
20117,6
20118,0
20119,5
20120,6
20121,5
20122,6
20123,1
20124,5
20125,6
20126,6
20127,6
20128,6
20129,5
20130,5
20131,0
20132,5
20133,5
20134,6
20135,5
20136,5
20137,5
20138,5
20139,5
20140,0
20141,5
20142,5
20143,5
20144,6
20145,5
20146,5
20147,4
20148,6
20149,5
20150,4
20151,5
20152,5
20153,4
20154,5
20155,4
20156,6
20157,5
20158,5
20159,6
20160,6
20161,6
20162,6
20163,5
20164,5
20165,1
20166,0
20167,6
20168,5
20169,5
20170,5
20171,5
20172,5
20173,5
20174,5
20175,6
20176,4
20177,6
20178,0
20179,5
20180,6
20181,4
20182,5
20183,6
20184,0
20185,4
20186,3
20187,5
20188,5
20189,6
20190,6
20191,5
20192,0
20193,4
20194,5
20195,5
20196,5
20197,6
20198,5
20199,6
20200,5
20201,6
20202,6
20203,6
20204,0
20205,6
20206,5
20207,5
20208,5
20209,0
20210,0
20211,0
20212,1
20213,6
20214,6
20215,4
20216,4
20217,5
20218,4
20219,5
20220,6
20221,6
20222,0
20223,6
20224,0
20225,6
20226,6
20227,0
20228,1
20229,6
20230,6
20231,6
20232,6
20233,4
20234,6
20235,6
20236,5
20237,6
20238,6
20239,1
20240,0
20241,5
20242,6
20243,5
20244,6
20245,6
20246,0
20247,0
20248,6
20249,1
20250,6
20251,0
20252,6
20253,1
20254,0
20255,5
20256,0
20257,5
20258,0
20259,5
20260,5
20261,0
20262,5
20263,0
20264,0
20265,0
20266,6
20267,0
20268,0
20269,5
20270,0
20271,6
20272,6
20273,6
20274,6
20275,0
20276,1
20277,5
20278,1
20279,6
20280,6
20281,1
20282,5
20283,5
20284,0
20285,6
20286,6
20287,6
20288,1
20289,6
20290,3
20291,1
20292,1
20293,0
20294,0
20295,6
20296,6
20297,1
20298,0
20299,0
20300,6
20301,6
20302,0
20303,0
20304,0
20305,6
20306,6
20307,0
20308,5
20309,1
20310,6
20311,0
20312,0
20313,5
20314,5
20315,3
20316,1
20317,6
20318,6
20319,5
20320,0
20321,0
20322,5
20323,1
20324,6
20325,6
20326,3
20327,6
20328,1
20329,1
20330,2
20331,0
20332,5
20333,1
20334,1
20335,5
20336,0
20337,6
20338,1
20339,3
20340,0
20341,2
20342,6
20343,1
20344,0
20345,1
20346,2
20347,3
20348,1
20349,2
20350,6
20351,6
20352,6
20353,2
20354,6
20355,0
20356,2
20357,2
20358,0
20359,2
20360,2
20361,2
20362,2
20363,2
20364,2
20365,0
20366,0
20367,0
20368,2
20369,2
20370,0
20371,0
20372,2
20373,2
20374,0
20375,6
20376,2
20377,0
20378,2
20379,0
20380,0
20381,0
20382,2
20383,2
20384,2
20385,5
20386,0
20387,0
20388,0
20389,0
20390,2
20391,0
20392,2
20393,2
20394,0
20395,2
20396,0
20397,0
20398,0
20399,0
20400,0
20401,0
20402,2
20403,2
20404,0
20405,2
20406,0
20407,0
20408,0
20409,0
20410,0
20411,0
20412,0
20413,2
20414,0
20415,2
20416,0
20417,2
20418,2
20419,0
20420,2
20421,0
20422,0
20423,0
20424,2
20425,2
20426,0
20427,0
20428,0
20429,2
20430,0
20431,0
20432,2
20433,2
20434,0
20435,0
20436,0
20437,2
20438,0
20439,0
20440,2
20441,0
20442,2
20443,2
20444,2
20445,0
20446,0
20447,0
20448,0
20449,1
20450,2
20451,0
20452,2
20453,0
20454,2
20455,0
20456,2
20457,2
20458,2
20459,0
20460,0
20461,0
20462,0
20463,0
20464,1
20465,0
20466,2
20467,0
20468,0
20469,0
20470,0
20471,0
20472,0
20473,0
20474,0
20475,1
20476,0
20477,2
20478,2
20479,0
20480,NA
20481,2
20482,2
20483,2
20484,2
20485,2
20486,0
20487,2
20488,2
20489,2
20490,2
20491,0
20492,0
20493,0
20494,2
20495,2
20496,0
20497,0
20498,0
20499,0
20500,2
20501,0
20502,0
20503,2
20504,2
20505,0
20506,2
20507,2
20508,2
20509,2
20510,2
20511,2
20512,0
20513,0
20514,2
20515,2
20516,0
20517,2
20518,2
20519,2
20520,0
20521,0
20522,2
20523,4
20524,2
20525,2
20526,2
20527,0
20528,2
20529,2
20530,2
20531,2
20532,2
20533,2
20534,0
20535,0
20536,2
20537,2
20538,2
20539,2
20540,0
20541,2
20542,2
20543,1
20544,1
20545,0
20546,2
20547,1
20548,0
20549,2
15010,4
15021,0
15032,5
15035,5
15036,4
15037,4
15038,5
15039,6
15040,6
15041,5
15042,5
15043,5
15044,5
15045,3
15046,6
15047,1
15048,6
15049,6
15050,3
15051,6
15052,0
15053,5
15054,5
15055,4
15056,5
15057,6
15058,4
15059,4
15060,3
15061,5
15062,5
15063,6
15064,6
15065,5
15066,5
15067,4
15068,5
15069,5
15070,6
15071,5
15072,5
15691,3
15702,3
15713,3
15724,3
15735,3
15746,1
15756,3
15757,2
15758,2
15759,1
15760,4
15761,2
15762,4
15763,1
15764,3
15765,1
15766,0
15767,3
15768,1
15769,2
15770,3
15771,1
15772,0
15773,2
15774,2
15775,2
16295,1
16296,3
16297,3
16298,3
16299,3
16300,3
16301,3
16302,3
16303,3
16304,3
16305,1
16306,3
16307,3
16308,1
16309,3
16310,3
16311,1
16312,3
16313,3
16314,3
16315,1
16316,3
16317,3
16318,3
16319,3
16320,1
16321,3
16322,3
16323,3
16324,3
16325,4
16326,4
16327,4
16328,4
16329,4
16330,5
16331,4
16332,5
16333,4
16334,4
16335,4
16336,4
16337,4
16338,3
16339,4
16340,4
16341,6
16342,4
16343,0
16344,4
16345,1
16346,4
16347,6
16348,5
16349,2
16350,4
16351,4
16352,5
16353,6
16354,5
16355,4
16356,4
16357,1
16358,6
16359,4
16360,2
16361,2
16362,1
16363,3
16364,4
16365,0
16366,3
16367,6
16368,4
16369,6
16370,1
16371,4
16372,3
16373,3
16374,1
16375,2
16376,4
16377,1
16378,4
16379,5
16380,1
16381,1
16382,4
16383,1
16384,4
16385,1
16386,6
16387,4
16388,1
16389,4
16390,4
16391,1
16392,1
16393,4
16394,2
16395,1
16396,2
16397,1
16398,1
16399,6
16400,4
16401,4
16402,2
16403,5
16404,3
16405,2
16406,4
16407,2
16408,2
16409,2
16410,2
16411,2
16412,0
16413,2
16414,6
16415,2
16416,3
16417,0
16418,2
16419,2
16420,0
16421,0
16422,2
16423,2
16424,2
16425,2
16426,2
16427,2
16428,2
16429,1
16430,2
16431,2
16432,2
16433,1
16434,4
16435,2
16436,2
16437,0
16438,2
16439,2
16440,2
16441,2
16442,2
16443,0
16444,2
16445,1
16446,6
16447,0
16448,2
16449,2
16450,2
16451,0
16452,2
16453,0
16454,2
16455,2
16456,0
16457,2
16458,2
16459,1
16460,1
16461,2
16462,2
16463,2
16464,2
16465,4
16466,4
16467,4
16468,4
16469,3
16470,5
16471,2
16472,4
16473,2
16474,4
16475,4
16476,3
16477,4
16478,4
16479,4
16480,5
16481,5
16482,5
16483,6
16484,1
16485,1
16486,4
16487,2
16488,4
16489,4
16490,2
16491,2
16492,3
16493,1
16494,1
16495,2
16496,4
16497,4
16498,4
16499,4
16500,1
16501,1
16502,4
16503,4
16504,1
16505,6
16506,2
16507,2
16508,3
16509,2
16510,6
16511,1
16512,0
16513,2
16514,2
16515,0
16516,2
16517,1
16518,6
16519,4
16520,1
16521,2
16522,2
16523,1
16524,2
16525,2
16526,1
16527,2
16528,1
16529,0
16530,4
16531,1
16532,1
16533,4
16534,1
16535,6
16536,0
16537,1
16538,2
16539,3
16540,1
16541,1
16542,2
16543,5
16544,1
16545,1
16546,6
16547,1
16548,1
16549,6
16550,1
16551,4
16552,1
16553,3
16554,2
16555,6
16556,1
16557,2
16558,0
16559,0
16560,2
16561,6
16562,2
16563,3
16564,2
16565,0
16566,2
16567,0
16568,4
16569,1
16570,6
16571,3
16572,2
16573,6
16574,0
16575,4
16576,0
16577,3
16578,3
16579,0
16580,1
16581,2
16582,2
16583,2
16584,2
16585,3
16586,2
16587,0
16588,2
16589,0
16590,5
16591,3
16592,2
16593,2
16594,0
16595,2
16596,2
16597,2
16598,2
16599,0
16600,2
16601,2
16602,0
16603,2
16604,2
16605,5
16606,2
16607,2
16608,2
16609,4
16610,5
16611,5
16612,2
16613,2
16614,3
16615,2
16616,2
16617,2
16618,5
16619,0
16620,3
16621,0
16622,1
16623,2
16624,6
16625,2
16626,1
16627,3
16628,3
16629,2
16630,3
16631,2
16632,3
16633,2
15001,5
15002,3
15003,3
15004,3
15005,3
15006,6
15007,1
15008,4
15009,3
15011,3
15012,2
15013,6
15014,1
15015,3
15016,5
15017,3
15018,3
15019,3
15020,4
15022,3
15023,3
15024,3
15025,2
15026,4
15027,5
15028,3
15029,3
15030,0
15031,6
15033,3
15034,2
15073,5
15074,5
15075,5
15076,5
15077,5
15078,5
15079,5
15080,5
15081,3
15082,5
15083,5
15084,5
15085,5
15086,3
15087,5
15088,5
15089,3
15090,5
15091,5
15092,4
15093,6
15094,5
15095,5
15096,5
15097,5
15098,5
15099,5
15100,6
15101,5
15102,1
15103,1
15104,0
15105,2
15106,1
15107,1
15108,2
15109,1
15110,1
15111,4
15112,2
15113,1
15114,4
15115,5
15116,1
15117,4
15118,1
15119,6
15120,1
15121,1
15122,1
15123,1
15124,1
15125,1
15126,0
15127,6
15128,2
15129,1
15130,1
15131,1
15132,1
15133,2
15134,4
15135,6
15136,3
15137,5
15138,6
15139,1
15140,1
15141,1
15142,2
15143,1
15144,1
15145,2
15146,1
15147,1
15148,2
15149,6
15150,1
15151,6
15152,1
15153,1
15154,6
15155,1
15156,6
15157,0
15158,2
15159,1
15160,1
15161,6
15162,2
15163,1
15164,1
15165,6
15166,1
15167,1
15168,1
15169,1
15170,1
15171,1
15172,6
15173,1
15174,3
15175,6
15176,5
15177,1
15178,1
15179,6
15180,6
15181,1
15182,1
15183,2
15184,3
15185,2
15186,2
15187,2
15188,2
15189,1
15190,2
15191,4
15192,2
15193,2
15194,2
15195,0
15196,0
15197,3
15198,0
15199,2
15200,1
15201,5
15202,2
15203,6
15204,3
15205,2
15206,2
15207,2
15208,2
15209,0
15210,2
15211,2
15212,2
15213,0
15214,0
15215,1
15216,2
15217,2
15218,2
15219,2
15220,2
15221,0
15222,5
15223,2
15224,3
15225,2
15226,3
15227,0
15228,3
15229,0
15230,2
15231,0
15232,2
15233,3
15234,3
15235,3
15236,4
15237,2
15238,4
15239,2
15240,0
15241,4
15242,0
15243,6
15244,5
15245,2
15246,5
15247,2
15248,1
15249,0
15250,5
15251,3
15252,4
15253,6
15254,1
15255,3
15256,3
15257,3
15258,4
15259,5
15260,2
15261,3
15262,3
15263,1
15264,3
15265,4
15266,3
15267,6
15268,3
15269,3
15270,5
15271,4
15272,3
15273,1
15274,3
15275,3
15276,3
15277,4
15278,3
15279,2
15280,5
15281,4
15282,4
15283,4
15284,5
15285,3
15286,0
15287,1
15288,4
15289,0
15290,5
15291,3
15292,4
15293,2
15294,4
15295,0
15296,4
15297,0
15298,1
15299,2
15300,1
15301,6
15302,5
15303,3
15304,0
15305,4
15306,4
15307,2
15308,4
15309,4
15310,3
15311,1
15312,3
15313,3
15314,3
15315,4
15316,3
15317,5
15318,3
15319,1
15320,3
15321,3
15322,5
15323,5
15324,3
15325,6
15326,4
15327,5
15328,0
15329,5
15330,5
15331,3
15332,3
15333,5
15334,6
15335,6
15336,5
15337,3
15338,6
15339,5
15340,6
15341,5
15342,4
15343,0
15344,6
15345,5
15346,0
15347,4
15348,3
15349,1
15350,3
15351,0
15352,6
15353,6
15354,0
15355,4
15356,2
15357,5
15358,6
15359,5
15360,3
15361,5
15362,3
15363,5
15364,4
15365,5
15366,5
15367,2
15368,0
15369,6
15370,1
15371,3
15372,1
15373,0
15374,5
15375,4
15376,6
15377,5
15378,2
15379,2
15380,4
15381,0
15382,0
15383,6
15384,5
15385,1
15386,0
15387,2
15388,1
15389,6
15390,2
15391,2
15392,1
15393,6
15394,0
15395,0
15396,0
15397,6
15398,6
15399,0
15400,0
15401,5
15402,6
15403,6
15404,1
15405,6
15406,1
15407,6
15408,1
15409,6
15410,6
15411,6
15412,6
15413,3
15414,1
15415,6
15416,0
15417,1
15418,5
15419,5
15420,0
15421,2
15422,0
15423,3
15424,6
15425,5
15426,0
15427,2
15428,1
15429,1
15430,5
15431,6
15432,0
15433,6
15434,3
15435,6
15436,4
15437,0
15438,0
15439,1
15440,0
15441,3
15442,0
15443,6
15444,3
15445,1
15446,2
15447,0
15448,1
15449,6
15450,0
15451,3
15452,0
15453,1
15454,0
15455,0
15456,3
15457,1
15458,0
15459,1
15460,5
15461,6
15462,4
15463,0
15464,6
15465,0
15466,1
15467,6
15468,4
15469,0
15470,1
15471,0
15472,3
15473,3
15474,1
15475,3
15476,1
15477,0
15478,1
15479,3
15480,6
15481,0
15482,1
15483,0
15484,1
15485,6
15486,1
15487,1
15488,2
15489,1
15490,1
15491,6
15492,0
15493,2
15494,6
15495,1
15496,6
15497,2
15498,6
15499,5
15500,1
15501,5
15502,3
15503,1
15504,1
15505,6
15506,1
15507,6
15508,2
15509,1
15510,2
15511,1
15512,2
15513,1
15514,1
15515,1
15516,1
15517,1
15518,2
15519,6
15520,1
15521,5
15522,1
15523,2
15524,1
15525,1
15526,2
15527,2
15528,3
15529,1
15530,5
15531,1
15532,2
15533,5
15534,6
15535,6
15536,6
15537,2
15538,1
15539,3
15540,0
15541,0
15542,0
15543,1
15544,2
15545,1
15546,6
15547,1
15548,1
15549,1
15550,5
15551,4
15552,2
15553,0
15554,1
15555,2
15556,2
15557,3
15558,2
15559,0
15560,2
15561,1
15562,2
15563,1
15564,2
15565,1
15566,2
15567,2
15568,6
15569,5
15570,3
15571,3
15572,1
15573,1
15574,2
15575,6
15576,2
15577,0
15578,3
15579,0
15580,0
15581,1
15582,2
15583,6
15584,1
15585,0
15586,2
15587,1
15588,2
15589,1
15590,2
15591,2
15592,3
15593,5
15594,2
15595,4
15596,3
15597,2
15598,3
15599,4
15600,2
15601,5
15602,2
15603,6
15604,5
15605,4
15606,1
15607,5
15608,2
15609,5
15610,2
15611,1
15612,1
15613,2
15614,2
15615,3
15616,2
15617,6
15618,3
15619,3
15620,2
15621,5
15622,2
15623,1
15624,1
15625,2
15626,2
15627,1
15628,2
15629,5
15630,2
15631,6
15632,2
15633,3
15634,2
15635,2
15636,2
15637,2
15638,3
15639,3
15640,0
15641,2
15642,3
15643,1
15644,3
15645,4
15646,3
15647,0
15648,1
15649,5
15650,4
15651,0
15652,5
15653,3
15654,2
15655,0
15656,6
15657,5
15658,0
15659,1
15660,4
15661,4
15662,0
15663,6
15664,3
15665,1
15666,3
15667,2
15668,4
15669,2
15670,4
15671,6
15672,3
15673,5
15674,1
15675,5
15676,0
15677,3
15678,2
15679,5
15680,3
15681,5
15682,3
15683,3
15684,4
15685,3
15686,5
15687,1
15688,1
15689,5
15690,3
15692,3
15693,4
15694,5
15695,4
15696,4
15697,5
15698,6
15699,6
15700,3
15701,3
15703,6
15704,3
15705,3
15706,3
15707,4
15708,5
15709,6
15710,2
15711,3
15712,1
15714,3
15715,3
15716,5
15717,3
15718,1
15719,3
15720,0
15721,6
15722,0
15723,1
15725,2
15726,4
15727,3
15728,4
15729,5
15730,4
15731,6
15732,3
15733,3
15734,6
15736,5
15737,5
15738,3
15739,3
15740,3
15741,3
15742,4
15743,0
15744,3
15745,3
15747,6
15748,3
15749,0
15750,3
15751,4
15752,0
15753,5
15754,3
15755,3
15776,4
15777,6
15778,5
15779,5
15780,5
15781,3
15782,4
15783,5
15784,6
15785,3
15786,6
15787,4
15788,6
15789,5
15790,4
15791,3
15792,2
15793,6
15794,6
15795,3
15796,1
15797,2
15798,5
15799,5
15800,1
15801,3
15802,4
15803,4
15804,6
15805,3
15806,6
15807,4
15808,6
15809,2
15810,3
15811,3
15812,0
15813,4
15814,6
15815,5
15816,4
15817,5
15818,4
15819,6
15820,2
15821,4
15822,1
15823,1
15824,1
15825,1
15826,6
15827,1
15828,1
15829,1
15830,5
15831,2
15832,1
15833,1
15834,6
15835,1
15836,1
15837,1
15838,1
15839,6
15840,1
15841,6
15842,1
15843,6
15844,1
15845,1
15846,1
15847,1
15848,1
15849,3
15850,1
15851,1
15852,1
15853,1
15854,5
15855,1
15856,6
15857,0
15858,1
15859,2
15860,1
15861,1
15862,1
15863,6
15864,1
15865,1
15866,3
15867,6
15868,6
15869,6
15870,4
15871,1
15872,1
15873,6
15874,6
15875,6
15876,1
15877,1
15878,3
15879,1
15880,1
15881,1
15882,1
15883,1
15884,6
15885,2
15886,1
15887,1
15888,6
15889,0
15890,6
15891,1
15892,1
15893,0
15894,1
15895,2
15896,1
15897,0
15898,6
15899,1
15900,1
15901,2
15902,1
15903,1
15904,3
15905,1
15906,0
15907,1
15908,6
15909,2
15910,5
15911,1
15912,6
15913,1
15914,5
15915,1
15916,6
15917,1
15918,6
15919,1
15920,1
15921,1
15922,6
15923,1
15924,1
15925,6
15926,2
15927,1
15928,1
15929,1
15930,6
15931,2
15932,2
15933,3
15934,2
15935,2
15936,3
15937,1
15938,0
15939,2
15940,3
15941,2
15942,2
15943,2
15944,0
15945,3
15946,2
15947,2
15948,2
15949,2
15950,5
15951,2
15952,1
15953,1
15954,5
15955,3
15956,3
15957,2
15958,2
15959,3
15960,2
15961,4
15962,2
15963,2
15964,5
15965,1
15966,0
15967,0
15968,3
15969,2
15970,3
15971,2
15972,3
15973,3
15974,4
15975,6
15976,4
15977,3
15978,3
15979,0
15980,2
15981,4
15982,2
15983,2
15984,2
15985,4
15986,2
15987,1
15988,1
15989,2
15990,0
15991,2
15992,2
15993,0
15994,1
15995,4
15996,1
15997,0
15998,2
15999,3
16000,2
16001,2
16002,1
16003,2
16004,2
16005,2
16006,6
16007,2
16008,2
16009,3
16010,2
16011,2
16012,2
16013,4
16014,6
16015,2
16016,0
16017,0
16018,1
16019,0
16020,2
16021,1
16022,3
16023,3
16024,3
16025,3
16026,2
16027,3
16028,4
16029,2
16030,3
16031,4
16032,1
16033,3
16034,6
16035,3
16036,4
16037,0
16038,3
16039,4
16040,3
16041,3
16042,4
16043,4
16044,3
16045,0
16046,2
16047,4
16048,2
16049,4
16050,2
16051,2
16052,4
16053,6
16054,3
16055,3
16056,3
16057,2
16058,1
16059,3
16060,4
16061,3
16062,4
16063,5
16064,3
16065,3
16066,2
16067,6
16068,0
16069,6
16070,0
16071,3
16072,3
16073,4
16074,3
16075,3
16076,3
16077,3
16078,3
16079,2
16080,4
16081,3
16082,6
16083,4
16084,1
16085,3
16086,6
16087,3
16088,4
16089,0
16090,6
16091,4
16092,2
16093,2
16094,3
16095,0
16096,4
16097,6
16098,3
16099,0
16100,6
16101,4
16102,3
16103,4
16104,4
16105,2
16106,3
16107,2
16108,4
16109,3
16110,5
16111,0
16112,4
16113,3
16114,2
16115,5
16116,4
16117,2
16118,3
16119,5
16120,4
16121,5
16122,3
16123,4
16124,5
16125,4
16126,3
16127,4
16128,6
16129,5
16130,2
16131,5
16132,2
16133,4
16134,3
16135,4
16136,5
16137,4
16138,2
16139,4
16140,4
16141,3
16142,5
16143,4
16144,3
16145,3
16146,3
16147,4
16148,4
16149,4
16150,4
16151,0
16152,5
16153,5
16154,4
16155,5
16156,3
16157,5
16158,4
16159,4
16160,2
16161,5
16162,0
16163,3
16164,4
16165,4
16166,5
16167,6
16168,4
16169,4
16170,4
16171,5
16172,4
16173,5
16174,4
16175,4
16176,4
16177,4
16178,4
16179,4
16180,4
16181,4
16182,5
16183,5
16184,2
16185,0
16186,3
16187,5
16188,5
16189,5
16190,5
16191,4
16192,4
16193,6
16194,6
16195,5
16196,6
16197,5
16198,5
16199,6
16200,0
16201,6
16202,4
16203,6
16204,6
16205,6
16206,0
16207,0
16208,6
16209,5
16210,0
16211,4
16212,0
16213,5
16214,6
16215,1
16216,5
16217,1
16218,6
16219,6
16220,5
16221,5
16222,0
16223,0
16224,6
16225,0
16226,4
16227,6
16228,6
16229,6
16230,4
16231,6
16232,6
16233,6
16234,4
16235,5
16236,5
16237,0
16238,0
16239,0
16240,6
16241,6
16242,0
16243,6
16244,0
16245,0
16246,0
16247,0
16248,5
16249,0
16250,6
16251,5
16252,6
16253,0
16254,0
16255,5
16256,0
16257,6
16258,6
16259,6
16260,0
16261,6
16262,6
16263,0
16264,1
16265,1
16266,6
16267,6
16268,1
16269,6
16270,1
16271,1
16272,1
16273,6
16274,6
16275,1
16276,6
16277,1
16278,1
16279,0
16280,1
16281,1
16282,0
16283,1
16284,6
16285,1
16286,6
16287,1
16288,1
16289,1
16290,6
16291,1
16292,1
16293,6
16294,1
45001,6
45002,6
45003,5
45004,6
45005,6
45006,5
45007,6
45008,6
45009,6
45010,6
45011,6
45012,6
45013,6
45014,0
45015,4
45016,4
45017,4
45018,6
45019,6
45020,6
45021,4
45022,6
45023,6
45024,6
45025,6
45026,1
45027,0
45028,6
45029,4
45030,6
45031,4
45032,6
45033,4
45034,0
45035,5
45036,4
45037,6
45038,6
45039,6
45040,6
45041,1
45042,6
45043,6
45044,6
45045,6
45046,6
45047,6
45048,6
45049,6
45050,6
45051,6
45052,6
45053,0
45054,6
45055,6
45056,4
45057,0
45058,5
45059,0
45060,6
45061,6
45062,4
45063,4
45064,4
45065,4
45066,6
45067,6
45068,6
45069,6
45070,4
45071,4
45072,4
45073,4
45074,6
45075,6
45076,0
45077,6
45078,6
45079,4
45080,0
45081,6
45082,6
45083,6
45084,6
45085,6
45086,6
45087,4
45088,1
45089,0
45090,6
45091,4
45092,6
45093,4
45094,6
45095,0
45096,6
45097,4
45098,6
45099,6
45100,5
45111,6
45122,1
45133,6
45144,4
45155,0
45166,0
45177,6
45188,6
45199,4
45210,6
45221,0
45232,6
45243,5
45254,6
45265,0
45276,2
45287,1
45298,0
45309,5
45320,6
45331,6
45342,6
45353,3
45364,0
45375,6
45386,6
45397,6
45408,6
45419,4
45430,6
45441,6
45452,6
45463,6
45474,6
45485,6
45496,4
45507,6
45518,6
45526,4
45527,6
45528,4
45529,6
45530,1
45531,6
45532,4
45533,4
45534,6
45535,5
45536,6
45537,6
45538,6
45539,5
45540,4
45541,6
45542,6
45543,6
45544,6
45545,6
45546,6
45547,6
45548,6
45549,6
45550,5
45551,5
45552,5
45553,6
45554,6
45555,6
45556,6
45557,5
45558,2
45559,6
45560,6
45561,6
45562,0
45563,0
45564,6
45565,6
45566,6
45567,5
45568,4
45569,6
45570,6
45571,6
45572,1
45573,6
45574,6
45575,1
45576,4
45577,6
45578,5
45579,6
45580,0
45581,6
45582,6
45583,6
45584,6
45585,5
45586,6
45587,5
45588,6
45589,6
45590,6
45591,6
45592,6
45593,6
45594,6
45595,4
45596,6
45597,1
45598,6
45599,4
45600,4
45601,6
45602,6
45603,0
45604,6
45605,6
45606,4
45607,4
45608,6
45609,6
45610,6
45611,0
45612,5
45613,0
45614,6
45615,6
45616,6
45617,1
45618,6
45619,5
45620,6
45621,6
45622,1
45623,6
45624,0
45625,6
45626,4
45627,6
45628,6
45629,6
45630,1
45631,6
45632,0
45633,6
45634,0
45635,6
45636,0
45637,0
45638,6
45639,5
45640,5
45641,4
45642,6
45643,3
45644,1
45645,6
45646,5
45647,6
45648,6
45649,0
45650,6
45651,6
45652,6
45653,6
45654,6
45655,6
45656,6
45657,6
45658,6
45659,1
45660,0
45661,5
45662,6
45663,0
45664,5
45665,2
45666,5
45667,1
45668,5
45669,5
45670,6
45671,6
45672,6
45673,6
45674,0
45675,6
45676,5
45677,4
45678,4
45679,6
45680,6
45681,6
45682,6
45683,6
45684,0
45685,6
45686,6
45687,6
45688,6
45689,6
45690,0
45691,5
45692,6
45693,4
45694,6
45695,2
45696,6
45697,6
45698,6
45699,0
45700,6
45701,5
45702,0
45703,6
45704,6
45705,1
45706,6
45707,6
45708,6
45709,5
45710,6
45711,0
45712,6
45713,6
45714,6
45715,6
45716,6
45717,6
45718,0
45719,6
45720,0
45721,6
45722,0
45723,5
45724,0
45725,6
45726,0
45727,6
45728,6
45729,0
45730,6
45731,6
45732,0
45733,6
45734,6
45735,6
45736,4
45737,6
45738,6
45739,6
45740,6
45741,3
45742,6
45743,6
45744,6
45745,6
45746,6
45747,6
45748,6
45749,6
45750,5
45751,0
45752,6
45753,6
45754,6
45755,6
45756,6
45757,5
45758,6
45759,6
45760,0
45761,6
45762,6
45763,3
45764,0
45765,0
45766,0
45767,0
45768,0
45769,1
45770,0
45771,1
45772,2
45773,0
45774,1
45775,0
45776,0
45777,5
45778,0
45779,0
45780,0
45781,5
45782,0
45783,0
45784,5
45785,0
45786,3
45787,0
45788,0
45789,5
45790,0
45791,0
45792,0
45793,0
45794,0
45795,2
45796,5
45797,0
45798,0
45799,5
45800,0
45801,2
45802,0
45803,0
45804,0
45805,0
45806,1
45807,6
45808,5
45809,6
45810,1
45811,0
45812,0
45813,0
45814,1
45815,1
45816,1
45817,0
45818,0
45819,1
45820,0
45821,0
45822,0
45823,5
45824,0
45825,6
45826,0
45827,0
45828,0
45829,5
45830,0
45831,0
45832,0
45833,6
45834,0
45835,6
45836,1
45837,5
45838,0
45839,1
45840,0
45841,0
45842,0
45843,5
45844,6
45845,0
45846,1
45847,0
45848,1
45849,0
45850,0
45851,6
45852,6
45853,1
45854,0
45855,0
45856,5
45857,0
45858,0
45859,0
45860,0
45861,0
45862,0
45863,1
45864,0
45865,0
45866,0
45867,0
45868,0
45869,0
45870,1
45871,0
45872,0
45873,0
45874,0
45875,0
45876,5
45877,1
45878,0
45879,0
45880,0
45881,0
45882,0
45883,1
45884,0
45885,0
45886,1
45887,4
45888,1
45889,0
45890,1
45891,0
45892,0
45893,0
45894,0
45895,0
45896,5
45897,6
45898,0
45899,5
45900,0
45901,0
45902,1
45903,0
45904,0
45905,5
45906,0
45907,1
45908,1
45909,6
45910,0
45911,1
45912,1
45913,6
45914,5
45915,0
45916,6
45917,0
45918,0
45919,1
45920,0
45921,1
45922,0
45923,1
45924,1
45925,1
45926,4
45927,0
45928,0
45929,6
45930,0
45931,0
45932,5
45933,2
45934,0
45935,6
45936,1
45937,0
45938,3
45939,5
45940,1
45941,5
45942,0
45943,5
45944,0
45945,6
45946,0
45947,0
45948,0
45949,0
45950,5
45951,0
45952,0
45953,5
45954,0
45955,0
45956,1
45957,5
45958,1
45959,0
45960,0
45961,0
45962,5
45963,5
45964,5
45965,0
45966,0
45967,3
45968,5
45969,4
45970,0
45971,0
45972,5
45973,5
45974,0
45975,6
45976,4
45977,5
45978,4
45979,2
45980,5
45981,5
45982,6
45983,0
45984,0
45985,5
45986,0
45987,0
45988,5
45989,0
45990,5
45991,1
45992,0
45993,0
45994,0
45995,0
45996,0
45997,0
45998,0
45999,1
46000,6
46001,0
46002,0
46003,2
46004,1
46005,0
46006,5
46007,0
46008,6
46009,1
46010,0
46011,0
46012,5
46013,5
46014,0
46015,0
46016,0
46017,5
46018,0
46019,6
46020,0
46021,1
46022,1
46023,6
46024,0
46025,5
46026,5
46027,6
46028,5
46029,5
46030,1
46031,0
46032,0
46033,5
46034,0
46035,6
46036,0
46037,0
46038,6
46039,5
46040,0
46041,1
46042,1
46043,6
46044,6
46045,1
46046,5
46047,0
46048,0
46049,0
46050,0
46051,0
46052,6
46053,6
46054,0
46055,0
46056,0
46057,1
46058,0
46059,0
46060,0
46061,0
46062,0
46063,0
46064,0
46065,0
46066,1
46067,1
46068,0
46069,0
46070,1
46071,1
46072,0
46073,2
46074,0
46075,0
46076,5
46077,1
46078,0
46079,6
46080,1
46081,0
46082,2
46083,0
46084,0
46085,5
46086,0
46087,0
46088,5
46089,5
46090,2
46091,0
46092,1
46093,1
46094,1
46095,5
46096,2
46097,1
46098,0
46099,6
46100,1
46101,1
46102,6
46103,1
46104,1
46105,1
46106,0
46107,0
46108,1
46109,1
46110,1
46111,1
46112,2
46113,1
46114,2
46115,1
46116,0
46117,1
46118,0
46119,5
46120,1
46121,1
46122,0
46123,6
46124,1
46125,0
46126,6
46127,1
46128,6
46129,1
46130,1
46131,1
46132,1
46133,6
46134,1
46135,2
46136,6
46137,1
46138,1
46139,2
46140,6
46141,1
46142,1
46143,1
46144,0
46145,4
46146,1
46147,6
46148,1
46149,6
46150,1
46151,1
46152,1
46153,1
46154,0
46155,1
46156,6
46157,1
46158,1
46159,1
46160,1
46161,5
46162,6
46163,6
46164,1
46165,1
46166,2
46167,1
46168,3
46169,2
46170,1
46171,1
46172,1
46173,6
46174,0
46175,1
46176,1
46177,6
46178,3
46179,1
46180,1
46181,1
46182,1
46183,1
46184,1
46185,6
46186,6
46187,3
46188,1
46189,1
46190,1
46191,1
46192,6
46193,5
46194,1
46195,3
46196,1
46197,0
46198,1
46199,6
46200,1
46201,1
46202,6
46203,1
46204,1
46205,1
46206,1
46207,6
46208,1
46209,1
46210,1
46211,0
46212,1
46213,1
46214,2
46215,6
46216,6
46217,6
46218,1
46219,1
46220,1
46221,6
46222,1
46223,1
46224,0
46225,1
46226,6
46227,1
46228,6
46229,0
46230,0
46231,1
46232,0
46233,1
46234,0
46235,1
46236,1
46237,1
46238,3
46239,6
46240,1
46241,6
46242,1
46243,1
46244,4
46245,3
46246,2
46247,3
46248,1
46249,3
46250,1
46251,4
46252,6
46253,6
46254,0
46255,1
46256,1
46257,6
46258,1
46259,2
46260,1
46261,6
46262,1
46263,0
46264,1
46265,1
46266,1
46267,1
46268,6
46269,6
46270,6
46271,1
46272,1
46273,0
46274,1
46275,1
46276,1
46277,0
46278,1
46279,1
46280,1
46281,1
46282,1
46283,3
46284,1
46285,6
46286,5
46287,6
46288,2
46289,2
46290,0
46291,1
46292,6
46293,1
46294,1
46295,6
46296,6
46297,1
46298,0
46299,6
46300,4
46301,1
46302,1
46303,1
46304,0
46305,2
46306,0
46307,1
46308,4
46309,3
46310,1
46311,1
46312,6
46313,1
46314,1
46315,1
46316,2
46317,0
46318,1
46319,1
46320,4
46321,2
46322,0
46323,0
46324,1
46325,1
46326,1
46327,1
46328,6
46329,4
46330,4
46331,0
46332,6
46333,1
46334,2
46335,2
46336,3
46337,1
46338,2
46339,2
46340,1
46341,2
46342,1
46343,1
46344,6
46345,1
46346,1
46347,2
46348,6
46349,0
46350,4
46351,2
46352,1
46353,6
46354,3
46355,1
46356,1
46357,1
46358,6
46359,2
46360,2
46361,0
46362,2
46363,0
46364,1
46365,4
46366,2
46367,2
46368,4
46369,2
46370,2
46371,2
46372,2
46373,0
46374,0
46375,4
46376,1
46377,2
46378,2
46379,0
46380,2
46381,2
46382,5
46383,2
46384,0
46385,2
46386,0
45101,2
45102,1
45103,2
45104,0
45105,3
45106,0
45107,1
45108,5
45109,2
45110,2
45112,2
45113,5
45114,2
45115,1
45116,0
45117,2
45118,0
45119,2
45120,1
45121,4
45123,3
45124,2
45125,2
45126,2
45127,2
45128,2
45129,0
45130,0
45131,2
45132,0
45134,2
45135,2
45136,1
45137,2
45138,2
45139,1
45140,2
45141,2
45142,1
45143,2
45145,0
45146,0
45147,2
45148,2
45149,2
45150,2
45151,2
45152,2
45153,1
45154,2
45156,1
45157,3
45158,2
45159,3
45160,5
45161,0
45162,0
45163,1
45164,0
45165,1
45167,2
45168,0
45169,2
45170,5
45171,1
45172,1
45173,6
45174,2
45175,6
45176,3
45178,0
45179,2
45180,0
45181,2
45182,0
45183,2
45184,2
45185,2
45186,1
45187,0
45189,3
45190,2
45191,5
45192,2
45193,2
45194,2
45195,0
45196,2
45197,6
45198,5
45200,1
45201,2
45202,2
45203,2
45204,2
45205,5
45206,4
45207,6
45208,4
45209,1
45211,3
45212,0
45213,4
45214,6
45215,2
45216,1
45217,0
45218,2
45219,2
45220,3
45222,0
45223,4
45224,2
45225,3
45226,3
45227,3
45228,3
45229,3
45230,3
45231,2
45233,4
45234,2
45235,1
45236,1
45237,3
45238,3
45239,3
45240,3
45241,3
45242,1
45244,3
45245,3
45246,4
45247,3
45248,3
45249,3
45250,3
45251,3
45252,3
45253,3
45255,3
45256,3
45257,3
45258,1
45259,3
45260,1
45261,3
45262,2
45263,3
45264,4
45266,3
45267,3
45268,3
45269,3
45270,3
45271,1
45272,3
45273,3
45274,3
45275,3
45277,2
45278,3
45279,3
45280,3
45281,3
45282,3
45283,1
45284,3
45285,1
45286,3
45288,3
45289,3
45290,3
45291,3
45292,3
45293,2
45294,3
45295,2
45296,4
45297,0
45299,5
45300,5
45301,0
45302,0
45303,5
45304,3
45305,4
45306,6
45307,1
45308,4
45310,5
45311,5
45312,5
45313,6
45314,5
45315,5
45316,5
45317,5
45318,0
45319,3
45321,3
45322,5
45323,3
45324,5
45325,6
45326,5
45327,5
45328,5
45329,0
45330,5
45332,5
45333,6
45334,4
45335,5
45336,6
45337,5
45338,0
45339,4
45340,2
45341,3
45343,5
45344,2
45345,2
45346,2
45347,3
45348,2
45349,2
45350,2
45351,2
45352,2
45354,2
45355,2
45356,0
45357,2
45358,2
45359,2
45360,2
45361,2
45362,2
45363,0
45365,6
45366,2
45367,6
45368,1
45369,0
45370,4
45371,2
45372,2
45373,2
45374,3
45376,2
45377,3
45378,3
45379,2
45380,0
45381,2
45382,2
45383,4
45384,2
45385,2
45387,2
45388,2
45389,2
45390,2
45391,3
45392,2
45393,0
45394,2
45395,2
45396,3
45398,2
45399,3
45400,2
45401,2
45402,2
45403,0
45404,2
45405,0
45406,0
45407,2
45409,3
45410,2
45411,0
45412,2
45413,3
45414,2
45415,0
45416,2
45417,3
45418,2
45420,2
45421,2
45422,2
45423,3
45424,2
45425,2
45426,2
45427,2
45428,2
45429,2
45431,4
45432,2
45433,2
45434,1
45435,2
45436,2
45437,3
45438,2
45439,5
45440,5
45442,1
45443,2
45444,1
45445,5
45446,2
45447,3
45448,2
45449,1
45450,2
45451,2
45453,0
45454,1
45455,3
45456,2
45457,2
45458,2
45459,2
45460,5
45461,2
45462,2
45464,1
45465,2
45466,2
45467,2
45468,2
45469,2
45470,5
45471,2
45472,2
45473,4
45475,4
45476,4
45477,4
45478,5
45479,4
45480,3
45481,4
45482,4
45483,5
45484,2
45486,4
45487,5
45488,2
45489,3
45490,2
45491,4
45492,3
45493,0
45494,4
45495,4
45497,4
45498,5
45499,4
45500,1
45501,5
45502,4
45503,4
45504,4
45505,4
45506,4
45508,6
45509,4
45510,5
45511,5
45512,4
45513,3
45514,5
45515,4
45516,0
45517,6
45519,4
45520,5
45521,4
45522,4
45523,6
45524,4
45525,5
